pair_id,prompt_hash,response1_index,response2_index,response1_hash,response2_hash,label_response2_preferred,helpfulness_difference
aaa31ea6cb72d684a3ef5da71a52e5a889fba80dc6f0ec8f7dfc6bba202b0731,0074e23457ea4ebf90195c7a0ec204978b4d3b6dd6299048fbcbb487247e14ed,990,991,e3c5f98348ec6aaf796b544cc6352bf15fa3278e1cd2ba8c43ff15451d47edf2,539b062ebb5f5438cf005393366c87215d9f9c022a5a418a8cadf0d77a1b3943,0,-2
31e2632286055500cbe4269b88db9975c01ff5f04baa5bcb4b8d63822c83654a,01b075515f0fcfef7d5ef5cac634a85b9a485c920d6cdbf2a6a2e758b6791b04,201,200,147b1a91fb718cdc1e0f9b36f830b6ad5801e38f447333afdb090e98ad83fc60,886c47f6dc82370ad0c05b0f170a8971e8ec9442a0f21749df526529d2f56cf9,0,-3
3d06230c406fb77e3e1ce5f4ba132d32929a4aca4cd8364f0b7c333168233589,01b5514a53d9bbebfb8fdf44baf7af23158c02cf96fc98ef711f88938b7cc1e5,524,525,5d17517a84174052d78bbe546024a98ad9ed13661fdb8986af831ee38c8737e1,906f3dfbb31232f7e3f3c530158363cca5ac62a395f40c3383dc79795104ed55,1,2
7ba7ba04d2466e1c4c6495f8e5bd71808af86b26f6d03dd26cf0238e0bebe756,01d9d93cfb573963174be0e7cf47c9b79cc123f205aec938c33b9d3a380cfa65,574,575,6e67ea6d393589e57eb3685f29d621f5bfc1c7fb6cdf78e34f644d4204c0b871,8fc6ca09a482d37a9519cde2f2ea2e8bd989aa7ca6e2e19c2a9bab32b68622c4,1,2
f03b083dea4e17bec5bc70df4eab663acae72ab74d35ee4ee9178803a03800bc,0460793a401130af59a7d9e8ccbc70aabb8a8e826e1654240598bc9521e57c12,371,370,f31c498b3701459d819e47b27a8b71f3daceeb5ad819af0b8a2249e89b507ff5,585e06c5ea3018cbd88552836f7d1f7fc97a75a2ebae9c50a96a9219c9b4fe7b,1,1
994db336bdfb687d23628d114b5845876b09119ebe6d489f3d18c7f28f7c892e,057673847bc4ce78c7ffc8ee67e18aca2f00b32d6ffd701bc7d04519f5d81f6b,655,654,3afb9b0a95de979bf1cd60758a3ea8c904e7691f55bfed81485f353fd4bf9ac6,b78b42be1054e7edbb996040212cea5318d08591f61cc2e9ae7e21801ade00aa,0,-2
94c3f8168b187d290fcc0663c3d6a627f85ee2c66339302e37acfc004df30b01,05c38fae385ee53b3bb2686f8d6ed78455ed9a80bbd992ffc7ada248ce358dab,326,327,6606a189ed485da9a8c9a98d0af44e5f8950dacb93682dfe88d4c8575631c410,9b8aa609bbd94d51b7807b8e4cd74a644503885b45d05d6a41c6ae5167c03375,1,1
fb35e03b8d99f72defad0be4ca16f0a10dec1b1066357a308abe6f717dfe9191,06ca4408c34cbb845c9b9189003d4bcccface3adb1e64a1bee4ff189bd202015,607,606,ed41b2c7a58022193dd88ab74233e1c83277b9532a1749d3e4923347d6c7421f,58b7d7914ceb00d8557ac76f0f9d8eaf7a54a710e3d016ed7d300e3fe4e7695d,0,-2
8363943e0af008d80268823eacdb8a09c0d4572fcec44c35031dcdcd8a4f437a,077c4c0a37a345bd71f7f704eee0a5dcaa1af210c4020c7477ed57274bc6e781,590,591,40ea518a538d084b35ff0d3a5809a220af4c9f7be96ce446d12645d5be1732fa,79ff4cbda2d3e8b87e06d2e70d0182fb82783ff09e3f93ca67887d601ac7985c,1,1
1b50de029bb8a81bcf5f5b97a68fe6105f37b64a5899b7ce9a077387bf2fc934,07b0606ecc3547f047a4f7564fe50c438bedffe430cec10286540b7e5da24b37,454,455,c1e2ae2c1a4adab7055fef8291a1b25179c774c91092bfb55ee5aeb5e6fe4356,c4cec84006aa561a6328a4db8157c73bd673961f99efe760547427a979c0ae38,1,1
ae611c0d5170d9e846129af2bc488e8c5fb83b7f29d55d0af71b022dc46f0e22,08172d7ded87f511466086e48cf9fdcdcf3f709ec020a6bf3f9ce98ce5c29e1e,719,718,05bb83270b07a85990bc4c6e1625ef84677c1ca9e56411bbf893f768e5de3b7c,651d511e141a5db9c0bf38037fae5f97f6753978836596c806085a90f0caf5fb,0,-2
9e0d99ff8754e303b9cddf1dfdcc5c88f6ab3fdeb4ece1a34d5c58b85522b1df,082630be4e238be03993dc0b64127cdc9e4909177dd373c5824deed07a0da979,841,840,37538fb7e6609bb2d4f8f30ec9e65b73c06870089d7cb57fa4722b7ae39de192,a0b61a2d2afa726860ce9c24c32369dc771e030519da8aa67c6c4e206311e25d,0,-2
73f2b7ff5dc3cb9341198919ce291a2473ef733e9e98c922a518af88a1b21d15,09d7726cfb89e597432469b0a3fc2dfd52be2223ca7cf4bc47b91d7c37df5e2a,685,684,d559e544f825547b5c40c019449560863c853867fbb4260f2f0953d1a4f62a10,8889c48e1a13844976794ac8aba154791d5ce4d17b9b091852af661c631f2bee,0,-2
7764ad65fbd13c3769a9e3f41ec4e4ff4a10246d883b613e70694341f985e632,09f3c50a569f38f152e8fb59611d6cb0257e9e37bb5d5f960422d8ee8d696bff,610,611,d4242ceedb2a453f145142ead425d4d713fc4425a2c66e68ee47f5efc8f53b04,b4c4137df43da57ba77a3b2fc0548c19bdf0be2cfd96ff17a640a41267767ee7,0,-1
a7382146913f8b3d19a8a5c8d5ae0f1dd14a01b853650eef6081bcb926899f52,0a09623a35dc0e55c55fd6e7b84963386ed798c89bbd43388ba01907486ceb54,233,232,9548236655fc4919edbc04102b6371353feaa5441ce48c678ce394aa53ca5542,9df2663a151586fc346df7ad47572305db3ef8198f3d9e785c3217e68a572d27,0,-1
f15a4aff20ab883723599e9210a585ba0a24e7d25acc03fbe7fcfe04d6379be2,0a815ce2d83b48a81cd0d9414817d3aa749d1bc1e2570dea7131741533713582,298,299,e56c2e76b07d990581a058698aad7af56ba9aa4554fdb11379693b066e5388ef,7400ad871d0ee1de0b47e110bee8ebbb6d1f0ddab12387af3d30ea4808d1bd1b,1,3
4f8bd9d816f2e5a0ec6ad19ed0e036a64f0c45b40fcf0dc07208ffccf89c0e3e,0b898b9b8aaecc4bedfcecfec8c01ff23894cbe904bbf3b442b57088d0e24785,16,17,8de4ade012f28b85445edcfee4468aad5060098885da7c42db3cc9991a12ef73,9977c930bd50eedcdcd753363d3ae760ba28bc6f2039af2fa17578d19319b0f7,0,-3
4c40fe004f5b3fec58730e1f92bdc532000a7f3808e080a890af0862fc495f66,0c4816d376214db8fa92b3ae2b5ced9d886a976b3091bfdacda8375e4bb68cc7,945,944,7f7ed85abf7aa844caa53969e30f2c06c683d9f74233527512a042841efbabfd,d3436705baa42aab96b9b6ba26d532398b6cb5a5d47546a88919dceed1b171df,1,3
f21957e339073b72b6fe4a0df64bc2f5d17fdc7902c23431bef17becd8cfc84f,0cd461df866bcdc0a552a1143913cc5402ba148870bfac79012e815fd1280041,563,562,b765ea07e613acdeb3b7bf40021d9d8802b69d071f36c5f09e69facb83794930,3e816b3a3080587b91f5888fa1ddf7bf13307a64778d952abb40e27bb7445c0d,1,2
6b9c216c316725e40a42bfb21ac9e3e117ac4f4b63cc50d6ca39014b9f3c8f82,0d1bedcefda04d60852383a8be650f133ff4bbcbcea55e25bd5b8ac4e2baf5f5,937,936,a443d6659edd72878889359249276b742f97a6c9b73647178a835b136ecb018c,bdd619bcc9b6a3485618f2b720edf42d9e20eda0fd0e7df8cdfd4b0a20765e90,0,-1
2d820df04ac44f761e9df72f29858a7c767ea862d4ef71cbd6b7954535ff2c6a,101548b62c2977f72e24b4fab110c3a956f09033e0aaca397db9f88e9f9560a4,622,623,677e2a3b895b0798e2e4a42d67c3cae1262ea7a830ae19ec7186ca44f11e3097,9ea641163c78fa63b891a638cd57ee1c24b987489be4b18bb0657ec1ac2389c8,0,-4
15526029ae2ea2ed8504540372de026c7cd013785f443a59decc7e76c8001e06,10180873a0f21d458bd10d317116f8a133b0e200f5073625849e241d0dbc4c2f,801,800,ec51596ce9c89693e0827fb6667c7247d6e7fbe7b184ecb6f1c76597c9eec478,e10d186baef715cc3a7768d155d1a0474e3ce007215fe0f9bf5c5c741a8fb91e,1,2
838824c24d51bddd8d070b413349f6d30c7c5130dcf7b06ca2fbec13f6917c35,1040a5eb26cbdccd36161db320969a1c0a324f090382b31071c95c2dda866135,830,831,d42782a00630fc9515eed18a22abce6da0dcd2c4baec96ecacc4078631b00008,fd0eaf0bf1699542381bd49478bb6c3f1920435665f59b7558832403613e2b1b,0,-1
63ecd135138e32d0f6678074b0e3ffd13e391e5f5a3b2ae4e71c197276860097,10714c22730383224dc9ae1e5321ba135d92e8dbdadfdedee703e2af2a3286e9,966,967,66a9ab64ee7cb7ce39888000ac72e1a4950ff3574b9b822f8b261ac6ed754107,4c4e1adf83ae0c9254f5af9bb50685ea9a51e45feadf7a4304f08955c4d951e8,0,-1
0c156d9ce9be780ae6d9800b1be8a009c9e9f37921a4f3ae798f311c58a2f93b,1073ad22ff2050c2b0eeed6769f2b5fb8eb49bc184abf032debaf9ec964df9c9,158,159,236d0254fc5bb10e69bfad573f5c873b4db2d65cfa983cf3c086d475c6760809,2b42bdc184cab2a3d85bc1335790c7e0e2a0c07cfb95f29b50067164c330c59e,1,1
a6a132ff3a38763f26559cd352968e7f3d80da18bfd81fe20e169a4d95160ab2,117b4caba95697332d628d78b899fdfda66fd0a5b076fc5d8db68c9fbb8f60f4,115,114,cf7e935ea3c1de9a2296d832480fd7eef93e4fd9615910b2b88e9b6494405f31,4a9a4769d0e8d5d0965c28d47ab3fe91124c66520370b5fe34cf9f8f3bd1af5d,0,-1
e3876a496327aa6e73e5ac36b35a8b20e5b224b635494ca5ab09bcef47c6038a,11835e4d6776368b1ca02a6b806683cb9ec89f9ac706f3cdd5f0872a68e4e9fb,962,963,ec2acc73dd54c3a41a81426bbe2dd0b3cd90f56842d65feea1e6ab6103d58a5d,392b4d0803f5d6c73cc1a474a6481473a708b3224b3ee64b4f173465bf5574aa,1,4
2feda95630ad54b8dadee201bf5d32a6ed49bf912b371b138e94ca35eedefea4,142f7e40c922a285ac16606b375ab54f4ea565b0f9aa4f6982967e5d860de4f3,193,192,c1a174ac6734a748d7b6d1109ede791aa630f92e7e7fd35351980c5b85a4a7d2,ea0da0bccacc47ade9e1c70ba0619127dad6b9d78a63aaab38177ed80b12481a,0,-2
0054aeaaa9367d236574da97d301e33b00cfea0c42b92679ad7458099132c9d3,14de47b938e8cd95bcfefce69ebf7ca44732a1e9d6b6f9c1f6da0474c946a888,909,908,94388fe1e371e88b40cdd3bc06bca941d14983209a0b89d8420ba6b042c0fe12,ba45d035510c8421091d36e498462dd8b06a9da7fc9581314bbaabce6be3be29,0,-1
6d377e115398e4916c831cef133c21cbb45f48084b07ff8e92ee809a99f84a51,153a81043aa482e1947b770286076111243b200f16253ec5da5af7c4893dcc98,656,657,e0959c7dbc8e1053b677032ff15c083ce0e23cd7c959ff343cf15fb340fb3762,5c84560158d2b75f9930232c804a612cbf8d829c9508c653c82f4a7d5734706f,1,3
b98ab50bb05bb5d4258a98136f3a925c51297dd6a240d9560579372b97af6669,17059739fc8e6b69169e6c96c7aa19ebc9106114325a76b5fcee9e08cd5d5b22,901,900,34490bcedcac428fa5712668bbe2ba2bab34312d9333be24525f0b9d8d541413,8da1d0c336cb50c42613c4b14bd17f22c22c7395254cd378f9fb0a12d70cb021,0,-2
bb1ddb811786f4c2c0d2772f8403a85534cc883a82a0f6b84b121488f916060f,17fa2cd169c677465657c54d7929331352b6b47b7654d0a7d75982187dac35a3,521,520,bf17d4e7f2c9700c6cd35aa40117bb4e4e2f8bb1098ade710125efcc02715447,95586c85942b77621b250e503a0b2db011d9e2cee390b10c518ec477acabc1a7,0,-1
7e19b543c4c05910c492ad94cd1a33a5ca6553cf69acc300583b530c62ae9b39,18b4b34b4471e35b0c001b9e3287ece9d8f7941c0e48d526bf6b1ddd3e427c1d,701,700,e0a62e343e1d0493e6c4b0e0d8a0dd45db77c1a4f7e934e92ed9a34d4fe1af76,0cb467ce33d8eabd80d30405de3cc60008b711599304d8de33573303ce6ba53c,1,1
b27635f312fdf4e94a5f3129f2aff451c4bf360940654d37a19529ac2c891507,1919db8490e5b855f45c84f66584579a9c8461aa5b3a3773f33c44aa3f2f38ad,943,942,e8cf9a1dd4f454f6c428cac93ebac13f885acdc167850490aef90cac11b09f1d,4cf4134c6a734803ddad0e99c244dc89db599471118605a4adf13ef70fed3cee,0,-4
b989c27dce3b6b5a62d0990226b2d10a7472ca4eef0a7aa7cec995c8c80119c1,191adffc549682475df0e64dd90f961daa8dce1d6472133aec8ab4b18a8f0602,845,844,62a5b6c3b11b6327c852ebf2eb7decd0691a46c87ee024131ba2fdc7b2d5da16,38d0ec59b4eebca75f4d9f27717647b17747242809c2d12834d1970db76cb0d1,0,-1
81ab30655b437c281c269e36077d2568a72de0f4d18c7f838a7aa2f936d82fdc,199b5a1d683fcac5bb478a44974cfab732441f843c4ed92c8cce4383376b97b6,810,811,a74dfe00a6f65798e4eed058e4e61debbb1b6cc9f3813d1b4a69027189dd136f,037a0de31d0ebab633755cce5b388d8246cc3e93246607b034be7670bb909da7,1,1
4ee60e789dbbfeb37d1ef8107a6b30f3a97f2af84387dca23a26f06986d126ff,19cd9ec30dad59635b5701853cfe04fab22dad845a783dc38256d945f1832414,748,749,2c856417cf2b05456e7e7e79e5726092d550ba41a7a832f3fbbcc4ce115c8f7a,5ababdd793573c4d87f1724f551b9f5880b24aabc90f241d45657e702a830ba1,0,-4
442b7e86ebec4551a09fd6a52c8296b3d69d3ae3ea058cddae64354e2408967a,1a4473afe3289c2a95df30d82d76b1da72fefee9513d8e8854de2d2e976661f2,698,699,2a400af67d1ba4073ac1b4ce90578ad150ea14e97f104807d162091b29163f16,2cb9b3f31f802633ee90bcbacbc8b39b1085d7bd5e7b1a225ac7e39ba2113bf4,0,-1
73f801f347e0c332204d3dd6af75b8eac92805577e16c72cfa4974e0acf58923,1b3278f752e69a18c8188b20a482555efaf4325a35556df2be9f1628c2442aa4,385,384,5b85934dd6b72ff3ee358cbbdefb01affea1d1f41ae7637278c38a83804c516a,9ee41b90a8b3720e579fc9584f6dee6942a3a4efa26f235237cc2ff81e1d0d74,0,-2
1c01d3ca77efd4ae8f0d76c436a5daaca27ff344c7b5410255f4cb582972cd8b,1f0dfbd5323d2fd1b0dc806ab8320ee7461fca84f639b6665dc56aedde4dfb58,558,559,25fd2b55b97e5e7e3108acf495662d55e959b1fb941a471871593c91c7dc91ec,7f48060e3016b7b67788e15c9c58cfb6a3d2cbc90ad031ec252eff6ba2084c25,1,1
f23746d481a14cd1b0c501aacdf5f46b1f2f3aa83e8620b52eaf299953a1175d,1f2a5ccef054d1a0dee7b921d44770fe1df735fdaa688db6081e0713ab7c7778,424,425,2e23de772e8a2b304ec52eb735fcb705bc5e8dfea17090c3f0395d8f95604282,8530710059c471608158c95737e0c7afcf6ca5d305aba50897c3d48e626d27fb,1,1
4632bdb240fe12ba9c8334b46fc8a5f56c16bf9b388382898c3e2585d382326a,2097db20ad9a8df0b6826c3e09036d5144c16be8518eaa667b9827665dc5078f,706,707,cf4512879e420bc5c19d4c9efdd3e347ed01074601c2d08ba0bb2d25dca9cd5d,7bdfd2f17dec910603b56c7d477e2cbfeb70ad77366800fa180dab7fbf6ab05d,1,2
7522fca79cfc9ad9eb7c28a7845b6a23cdc4dfaac731dc7a7c8a1af5b4a1c404,211af2802ffd86c75dddbb499aa2e30cef604a3f1965eadaf83d7534db13d4c2,510,511,fd1eed5f0ba2113664cf6a95e4093a7aa8a4f6517dabde175e4fa966e4ca12b6,d12ada6f5665b4076c939d619c28c0823e859a8d53e89d507aa22c7c5adcfc20,1,3
9b408052932bde7d71639212d512e328dcf33a8b03977ae081b1d4a69cdbceb9,21b70b2ba3fb20275005ed4b5100553670f252a5e3a5953e49c6ef919d8f8fb1,357,356,7787a5085f73c332494f7cfda1c0bb3407d660628a61aaf653a50bb187565a7b,96c0ef8b8327874df4a2a952539f5b5cfb3d4b7b81da252d85d951f40811dd54,1,1
f18b4d6f68b1f5a08c49f964ffa453bc3ab32506fe15091404ee8a510bda66f7,21cb23759dd6030b1d2342c4fb21699afa1bc0862116b9a030169a34a865ee7a,726,727,ef38f1e06b50197888906f6d59f6987dc81c9fcbf194cc6d0b4cb450ce41ed49,1a805bc093ec9325e780183d55d8b500c51dd4bb873789a5ffca29324482622a,1,1
5f81ee7cde3d2975c2ed493227efe7d6a8c47ca9bee637a4eb368b90d16a8e02,226a9ee01d073950510e91f7349db6dd31eeaeba08d18bc850ada7ebace5cb9e,58,59,9608da412aab7094531bd7599419ff802176fbece2520dc2dce852a7f6350b8e,be9bc20b5b1061573395f72f9093978746fc39b1df5868e19f00c367d0011d5e,0,-1
7ec3576d3c8958c39d80735179c29ccefed519d39bb2982658dcebdc0baaca7e,23b1a54803c72ab7f10c07f4993e13f0ffec0b86af48c63182c0f2a1f5065937,469,468,f6e61a7e67316dcf0e80e119505639f43c0d5a9931a65305912218c1999265cb,d8ea1c3909ea07e315136eede736a8acb4b29541c48d160a2e53d9e50e39d379,0,-1
ec36dfbf5a1d1684f51a68bad7d6425b7b6dd933ef043972a3778f88f75238ab,24090edf70b790f57c90e66247ba5b8720b36b2739bc8c1ae3d167ad18509b6f,545,544,5660e5134814ff38a7f07dc1d4100b5063c46da553d84a939d32121b41a36c72,301f11aed1a8fadba11e13ca083e01bf53fb3b66b47f0c8ce0b3059da87c08e4,1,1
deef51fb111d91e1f2516ee40c88b81b6c8999546c1db7bad7459a587a4b2208,248277954077aa61359d74cf78eaa9dbcf2c4c7484b38e3998a97b10cbc82088,549,548,1c62d970c4a0d626f3f84e76d1c074cf14f48ae5606d7a00f2f29cefa9d8f113,2e29c5695ffb9ee273449cab927ec766beaecda7c294f4596268d7c057978809,1,3
08b3e9936ddfe5e139dab1644801a701627274f012c163bd5a892f51a0d44c8f,2521da07016499bc82e07857463d3a56b67d11a12775ba68546285bc96cdb8c7,24,25,ed3257753903ead143c778c676ec93556a487057a19a8d78609812bd49e56ee8,0c0e04520d96b51615ed355620a52668d885f74a780034e15107901e0187c02c,1,1
fd1e562619e41cb95da91a49e4f3ec682fab36a56e1fcead1f62afdcef4ed105,2599f114fadf018c96d5cd582fcb16618b6fefca506632183f9aa290f6f9b9fb,488,489,895208a2b22370ca4dffec0bffd8eace99916e26a5805aaeb3ea472cdff26468,7702e0fb30caa188113f18f7f968098961a869f5fb27dca59b78e0d57204cfdf,1,1
0631ab9d76c4faa9d1f1c1e78148bda207784432bbb3e57b4e444a45ece70df4,25ffb8045fa106af6b6f1d104b7f35724016b361dfb245f402890c56b776c1b3,846,847,f3a00a9b263afd4a189c9ba8f3245fa4cca2af1e19d772bc5653e707cbffbaaa,d5d22df0496215efe0d4917733beaeca17666bb768fc9c0125febfdd969b70b7,1,1
f133f55fbf707594640cde3420d06c948d6abdcb3b063134a69c986e49b1c7cd,26ec9ec64992175236dabab549c6db0a1791ec4a892a0576e49fecdbf05168cd,275,274,773761d2ea0dc2114a1e44d00d71be06504cf66726c95fa2ecd3b984440d1fcd,331fa0179cf801afb7016de86353c9773fb926b8b36c51a06bed4ee98554d90d,1,3
3d6987af67ec62c1c5a561c49109c1bad04c48caedbc742dd2b6d2a9a28aaf42,281644c38c2997831036b0139f7a0887968095194331c904ddfdf20531ad901a,853,852,8c77fdf73ac5f3b89fdd06c2920101ae6772dfca72c904bcb44951e3518efc78,5ba9f3bd6938734a69a932bf6b0d7140543c94ea350c5b2015b86b215a0d0e47,1,4
63df0c54a30039a0febd37a021075376121b501c9f8a797cae3fc2268cb477d8,2876e8fb65607489988fadca98182118835bf2b170069f2ebddac9e104acac49,631,630,4e209de5384fcb6ab9051b24941707b30f2373759a3b56b999510edb07b026e2,63f60ba4192030f587eea1cc5f13bfe66d8e946dd4c084dd7e5cb24b51730574,1,3
119b8b146f7aabcaea78faa26f5f741fc9e8575fcab6909154835c3c3f8e8640,28b53479adc47dd66e4ac4c88517cacd4a219e05324ce4341349823be1149446,668,669,f0a5a55ad4d0921bddf6afb8809d1c421e4e613cd31ad39acd14fcc6e368ea6e,e0c8c981ff3aad6c08a42fece44bcbeecf470e69df1873158c883aedfc31ca40,0,-4
800ddc90c102ddf92b4995cafe0914639b160f2585b9ac8840e00b9649cfccc6,29403d48e5672077a9381f6e8ea4304afbddd3edd32c87a29012b352038b4d21,161,160,e532158abc25c929bcca86adaa6ca982f93fac384d3b9e15e6bae03b19e23a2c,ff5fb763e410a0050b7e10669bbff89242e660a4bf019043a374277c8291f846,1,1
dd471b836e805cbb9b7fc73b140f23ba4db19c4e99b0512d38ab1d3ea4b01846,296654ff8a7f3ec592bfeaaac52f6b8faf3edd0e2b70426dbf58aa3db47be43c,437,436,0ff4d08a1c53dadac9dd6a0ec975831221c9d0ecd6b2c7bebcafffd11adc1cd8,0efd16d4243b88ab977cad04b0a5f71474e178011d07028507b6481182e7fb25,1,2
362f76e0dae627b4c344b939e2e222d4d9cc6797969d2eb46a0112417a5411d4,29887a5ff9846ccc23327565a07e17fa6dcaea6211f1898ae825f84ae38f4223,564,565,39085e938ca7ce67e6b69d3dac3c2f85f6a97826b64c2db7ec00561868eb0d0e,f6d6847d78be1b02735d237c18b2572c11d7c0471f0d91f74663c5fd024fe8c2,1,3
805f7cb8b3ac20cc810441d78656c81cebc0447f5d9a69cb613cf22495237fff,2a740f6c23a4144ebc2c75ed2a3eae10bc180eb14ddc2dc1ced56ae42e17e856,198,199,3301446e0e7c0cff12998ce989ee46aec2cb9e46d52a5611080e43ec11d01d41,3392a3064e871e9cb88e135d953f831a32fc491297f6563e28e6edac51151790,1,1
812d0416dedb04740b1c6c86ff3f88f7ef712d1fa59b4d0be0f8aa932287c67f,2a7c051b343a464b5eb17a53251f706cb048badd86a44aa8f0f974c918ad5abd,473,472,b79e43fa8198583e3e54be5104e8aa5301f01afa8d6bcbd2adf1791297f3e989,d68009091b9fb85ef123fe4176fb2d9a9eed96efe333fb5a72edcfd23bfd1620,0,-1
2bf871e2e9241f2a6241deefa03ddd4d11592057d97ee5cfdd7e7b07f943e5fa,2ae796f7c0b5b98a63ed11cc1cd61bbb552b586d1e2410eaf7e2832d45a70a96,146,147,1da6c4adbcc7a22d71667654412d99c0311d7fdd9e950e66c9f587225162e329,79390a557a6c14c6c9d944563290f31deeabdc7d2096b8bec9094a107423ab9b,0,-1
901ff675ad9486a9c21f1b5fb81bda995689e9e7e3a95a43299632927ec1f2f1,2b0f3ae3522539ff2a0a4c060f942c53fc51ee868101ce4285f6b00bd4225122,763,762,f1f7a509e84e19e712d576becd04f27792344124ad2152c35ed7da5969f6a1d0,a4598322dff72b9ebab7ff6d7cc9e2e28d0abc25ec60c985969f0ce66b4f1316,1,4
ef70086787bf4ec455a9267bced6e54c2bf0238ce18b747074130166e8ca228a,2b4383ae26c989e40fd8770f42eb9a5e69c6cf193f7dda7d8abb760fc9770866,143,142,eae36033bddb6d58474110ac2da2023761ce96e674cc846fab89991c550bc686,20bf03d08d4f2a7fb1fae208027e5b743fc5ff5c153073711b4e12d79ed62e89,0,-1
9b3f89113c322d0d8f9432d24f224fd0651d4741c77358078f8af0555c20baf9,2b951a13392a909b5d23cd14669fdb08f53b852b4aaae2514aa32c6e83213eb7,11,10,8ce56d1cd95f132df3e4805d9adfaacd4a0f82ca18d15e8b7312733491a6e49f,b30cc702626ca629802aa06246de230120ffdd218380e08d3532c65ef253f598,0,-1
0cbb1c4e3ad5a0dd66a6a3f9c0447439d68c121b5d5619959895d2361b4f6b16,2c43852d8787002b1c8b1b764ff4036bf0fb024a91649ac26133464d57782157,508,509,ceb9bfef5cedfeb0a5086c5571f5b7d58ca87c94be77f0d635ea16fd742412ec,d2f32d873547370cdc3f2cc797a931f9deb7eaa7bf1e6577ed9fadf80820792a,1,2
efd3fb16d09bda13fca25ddc7ddf6e0b0b96e0cb9863a507a75c9430db3b8344,2d61b5cf0fccd8bec3bc3de184d380d32196f71a9b92e5dd9cba5b6349bd2043,638,639,9e0bdd1feee6f4961f9a92c1deca7e155cccdc674f24b7f107c2a2b8ebc6a763,fb1af9cd6efa4e761e6e6a9b9cc0fcf3d3d3b55c24a211c7c72b575676531f7c,1,3
6b34fc3c76b1a2477735af2590833ecf29df77a50d631d3255d9a8d8d1cf6a34,2d6ab5a8717bd9b65d69519def645eca7d48c163a5d4db88cb3aaced6ff36fda,589,588,4af40528f23ace9af54dbe00f0afb42b13b51d74bb84f6c4c7d6fc4425cb5fe3,63f7565f5a093805dcb25d1b2475d67ac138b297a866acd94ffc99f04feffeae,0,-2
e27804f635b4af4619d2086976b4e7b033f9accd7362cb5a54eb23206d46b5ab,2dde6c8a6a9bd5817089e01394a08f5b709914d2dcdf1b48348397598459944f,1021,1020,2356b3c9de12e84044d35ec0abbbb2e79b2000a3a4a9350b0fba95373e70c794,56d3dc2ba131675c3566b2430f0f1d21e459b0dba3f88c45e417b1dbe8a79a73,0,-1
834148a7a38b2f1e3b940732f8223239984d67a9b89ea93d70ed53093b9e462b,2e63ac8cc16af13ea250be1876d6c270a06fb831459fd95665355fa9d6d691a1,140,141,f787661db0cb008c6ea092eb6639b662ab2ec637ffb1f0efdc849370e658e1e2,6a2ed08aa07476040962fb094f557945b5c7817e1fbfd209ffc6b8380bf85406,0,-1
3a50bba61b2d270a33445a8e303eaacffeac81a3e3699c65d476b1518dabb035,2ec41cb3ef4b256d93808e1e3a52fd7c90aeea7d477a22a6082a4cbb6c37f744,550,551,039db976badf65e8b24909fc5c815ea759268758401bc6fdb5e3c38f54846ae9,8f92ba5df4d3656063442f0a680585efbb768558f8598ad9f011406852760dea,0,-4
35e8ee558f053c00bf95f03ce148e810a3cce45cbbe0bd001164104d85d2904c,2f3b767d3a2f5dada4f200bfbc7ddbed253245adc86f982eba564f4a194babf2,598,599,e6be30aeb6df9bd79aab9ea28fdf76fcd07d02c373962108e44daca6f9f060e6,331b451dd3df3b2d54b7e13a48a6d35ed6b1804f65080ebe5d3272b81b3bf0a3,1,1
8a776eee777b0eb742120666be85b26281c2ca1968292da66147395e7c4b1d59,2fa621832477722aa44d26ead75f918d1780886a10dc86027c6d1cc0fdaba7a8,372,373,424f4e7f7f58469c0c3d3761e2e33a6fdd85da4a684a77b5b5d14339299cd980,dc764f3614ce62f9f94b3156a839dc54ab89045e6deb6392b8766c1f604ccabd,1,1
fc74c9aeef7ad2f89640382e5aff98553084cd5807829b68ea1b4dcb2531832d,2fe2312b64676febfb2f0cfad0c6cfc9806ea7736f0efe2e88458b9be1962fe8,251,250,7888551ef20f0aac3e1ea9f94bfe27905a3decb6c6863176e989381198886075,dcea2a30ffeba6ff16a67a1b7b621cebc653156af9dd02423c7cfe23f51bb8db,1,1
c512fdeaafb8b24bc2781d2eedd59f9baf5a7b1912864d739e7432ec81609502,30b0f7e7660cc9598bc274ac9de783433737f4c4d1fab1c52bff1c56df2c33dc,66,67,a5b0e216fedd1d3184bf50ad683a1b29867537abe4a7f9acc2ad6c0708044347,5a162f0d05d15ae8496c65cce067b0bf11a0160e50e9934548ca2a54ea588c02,1,1
11fcc759f906466001f6132b88f2e886ac5b070dc55a1e4788f9afea10d73ea8,31a33d25d3e178300ea43fd7c43faa4211d4efc88dd7ad6eefde772fe96f7115,131,130,8c02289f8efcd0c0a572301e0ba50145f8c312b5122571f5fbe9316967d60049,590fa791bee4cc2f6849c8cf8ca9a8835a83ebe333b85d0829de933eb883b334,0,-1
ff9a65dddaea1348b4867a6315aa9a1aaf8828e5ed0121d9c901e4e32cdffabc,323ad732cf13b360ce1c73ac19a0c4868234b1efa50ccfde4c2cb5f65718affd,375,374,7c19268688d142b3863b8b489385e958c02aa664347aba9bdac9c7fec96f32a6,340c66a45244bcbe2b1e2d338ba0e07091eed56178972dbd7197876715795865,0,-3
904875284404f37d9dd8027470a884da172378b9cb87220120ab80d525d6ed9f,3265bda4d3f0fcd86b6958261de07ed8fc673cea6a1f5189d9f486792e3aee7d,522,523,1492590b7b2bd1758cfc285f869224425369cf3d4729ef4eb9a187961c715afd,1824715137ba1c624e75a02c758718dad79b900a403230d80d80e89ad287dce4,1,2
faab5724a8ecee2059de98a38714c43b2f2dde0c85676729bf40d8e40a2246a4,32948e0880fc6828e24c10936bef8cb436e4732ad11ed19667544dc36222a64b,104,105,72aaac34f50270d2dd0fb8296c61187e9fc184bd2e43290102d372399064e89a,eac5ef96d030f47d7e5adc363fc53c8ade582122e66014654de3c3b3ee7482f2,1,2
81e376db7bb9db3b68ce21a024cec196853109f79fd3c6c891c56633a2b069d7,32a164060b8e1b5774ca4f5924105a2687a73383994ebe484e6c63ace5ee6d07,961,960,73f6b00e7a183bbb3f7c8504eaf4fd90cac27e714145ac71c1a3765bb2fca382,3d6fc23a1ce0260b2bdbbb8fb4515de88d26ea1205cd2ab803de2d8a067469c8,0,-4
9d06950fd3fba11cddf801e49c848fe60313c95f416f0181461b4cbbbbf33a29,334bddf4f093cfdfb53e4e0d6248802be7756ab0851f14b265e6f2669d9ec5aa,90,91,30a70355d0ab97d6056f59ef7a5c6e42f3704864df14264b57f53b98879a16e4,222ec9f02725866712433314236f968ff1e8454475a48b557726f8c054dc8e2b,0,-2
2ecdd7eb2be4543efede30cdf10afb93ccbcd69a3d814c1f5629804ea54a7aee,34eebeae3f7526abe48d83ba07787d68a98dae60d1dc1c85594799babad7af39,535,534,5fb173cc53ca52d5d77b76a6b919640d0ee5c33f672ca9ac5eddb9c0793bdb6b,f9c3d977382ad85ee3d1408c21e3ff9e206b3170c77ea378e0a57999ac779ee8,0,-1
f234b359760290f703bdf265f284d01d589dd44b27dacc7de139ef7173c72403,353683d03fc132db98ea22bc4b9e7630c3951265779d85c57d74489dedeaef9f,516,517,aa4f52a892a2fbaabfd47b01300a90fa847b3caa9929ed05f47c98375718bd13,87de9b5d256bde150cc7feadf1085ce4069e52cce7f81dab1261aa04fe6a68ab,0,-1
7017191e5b592bb260ca57f4c656994c869e1b083714df058c9b1c8eb4992017,35895522a5cbb3f6c9dc78c80051d10d01a82e26af9e87b14d65ca60b359c44e,502,503,c2c626fa5bae7d972fd215dbdcf5c0bb2c7700ad090ae4644fab3e145a668e9a,e07589f873a07d5189ca5d4fafb2b0a610b973c79c1d68991cad69e437a0e70b,1,3
485c625c8fb9cacee2f303d86598bcbd2a3e9ee992bed213ffec4d7273f6324c,367951a6b3bd2a4a457eddde1a83e5b174e0e890a91c8ea6c48fa826b14acdeb,859,858,06c688db90b669738871b976045f7366b319dc9fd5b275039e4f3e87adcada60,f7d460bf61e271f19c1d989a67f32e6a0ee3c2753295b90e1f0e62aa5d31614d,0,-1
a07866c3b6316bedc2d5fa2339547cd12e307aedee528adc2363d943402d7164,36a8417935983053668d2383e556ee5f0017a1cd5294bf1b2b7ed776d315da6a,731,730,c1c666a3cb1c20c986e78bc6ac26de3a67b53b6606de536bf2844f1b8dc645f8,40674eb87c81ce043fe330df46d131ce1656f327dbda330688899b7d554da90e,0,-2
0af45149d0d3bbcfbbae0d2a7029c3448765495be4d0094540172dda638eaa92,384fcb976074dd3812265d1a84d1b0d22c76e75c39b0e9e629ad2d46a947efae,997,996,817a8877fca876f47178e1d495a86098393969832a661cf2858188a500f0c3ef,4e523a5ae5b4636c75901b79fafbd3912e41dc7987414e688b09d4b436ff22b3,1,1
db8e210e9425d40241bf74cc1b942fcdc0ee22fa3aa434d64238731c36cdba88,39d71690dad917fe44738ca70f6199247788e06e60b71ac854b44a292a135d75,761,760,5d8e55afd54d16c9b3ea02d74b378f5a0fa0655196e25ef345089287a23e5e42,a8d24be387173e00d60a5942e04ab3e6220bc7621b2d83b71e458c7d12b15821,0,-4
0c6aea853fec28eb0c39a8d720292eee020e0def364a3ae0cf0ee09471ec9745,3a139a246768a5a62354d04a62ece7a729e38cf8d90a832f4105241bbca86b30,737,736,b478d1ed7444ba924713c1b0d8dfd159f137b25db429002d6c1b2a6ea4736e00,d744e4f1cb732f347fdf64ebb422c2ccb5973c30903df7b6bd213d84357f6b38,1,1
6f18ad4103203ccd17baf60e38fdb518b551079182e65e94dfd9cea87c2e387b,3a3265e507ed128fa3933a27802810865e69689bca4444cced5b33cffac8114e,451,450,37eeb34c607f111b8d6a37167044cc78e3f198372fbe0f6e4736ce5823b70b9b,76e461dc99fd3f570a09f1fe2b7f53b15d496b75c1cee03a945a74256a9c8261,0,-1
8723ddf9942dd1767360ab716917280dfd3bb8f5844691966aa8cabaf8bd896a,3ad72a1eef1d3802525fea1e3d703e438a09b92390bfe8336dcb30342edaf20a,771,770,993282685fe34b87652b614b11433222652de27f968d7d9d49150b2709bcef9a,8570ef79f69e94ff240869b9aac2bae9bec701f4d40581a95201c3f315f2a35e,1,1
fe64c8c37b9773bb395806c8f8306f2135345ccbb1807ed082c250319e567e54,3b1f4b55e008b76f15bad0259dd88cde0529d926d259aaa4ce96c8b0a8a5b741,998,999,9db50e0f1f4b01011c1eb34d7e8411854415e267176219026ca9ccc9a6ea2c50,88316abea56516bfff9ffd1bdca3bce8d22fb0b147e258409acb07b936d2a655,0,-2
1e77b5e8ccd6ef2cc5daf11e7e4c9c2fb768e9f0e61005cccd10e0e57a13dcac,3c88d94112cad274e15a0ff45ef91eb8e04689a528caf50433331ad7f7409af8,116,117,318d4046ae419942e32db53282cace4b4ca50505acc6b15de25e4363a3a94b93,c97ccc5c6960f074aa03928f39a20655a145e702ba35696ed695cbbfeb898cfc,1,1
2df639a41bc5f62f820f7e0d49aa2916dd006fd60b9a74738b0391f82ec2016c,3d339d9b20e96e7dcfd911f0440f826f61a785c53e3e0a4de2438483057862e4,190,191,621cef5a2400aa6bae2a5a77cb3dd5f5883f2891b415557628d94d913bf95e90,629f4d42cf46b25e8b59034a8b8cff8a6d4a65c0dfa284d5fdb97fce0e41409b,1,2
caefcfd931a71906d531823f1b614f63a9fc326da1aaed88d2fce7cf201cc9a1,3d5b4dd4f4723fb7d7243dc91e39de1b735a16f78603c58ac44a40e1a2954aca,256,257,762df8cf9539d8cb7584268d9776c2812fb4d40604fc245ed86085fd6f508848,697ad6743f3f2def6212338c9e63b3b9470d1f153a99a66aa90664017d7c08c1,1,2
6fbc3a2dfbd141b035e21f3d4953e0eb82a11f661c6c60a3273a8814ab813d73,405caaa3945a2cbe158d56c863c68a70969e5a62bbc7aadc0304ae53905e2166,809,808,c7a91a96d65122eb4cdcc63eb86df9d34148e42d16f39959d3117556f5cd1fed,825ea647866e7e6d8e48f1ad8bdd6604c3710866f44b638ca635c192997ff191,1,1
b027ab207ccbebd97bc6ebb0602dbac952e9a33b91ec818fed81e08e5e8a4ff7,409d9a9d1303f1bacc47f80c1b2e37f16e48e1f261e8ed2fc139ea4cb3425227,860,861,7c588bb13d32902af4bc419ee2d9a98bb425c32aac253204a2a27e9038acc3ac,f224ac771d5012ffa5a239ee05b32ce5c6b3b91b505179218fc255bbf346a359,0,-1
5170b178cb3d7704e381f9d62d10b4824ae5b3e37cb51c8412f9139a317f34a4,431820ff59c6f695c70c04ef27c955c36067f172fb58c82db7a02ac9821d96b2,957,956,1fde22c1301f600073ff619a900cfb24263341331f9d0d0081233fd97391b457,b80d2eb15e373fd8839a6fbd30a1564583ce3a934c09b7723e0e2820d8417fb5,1,2
fef6783a0f3373cb3f1c162c420529efe36eb2d58a7c9d308d09d0f52b2f5c5f,442b6f2a0ac35ddb819f3d381741607e2bec9a9d49747c555505ad168f28b3b3,536,537,496ffad1c628c263472649d3d3e26f3b7013266e8d05f1bdaac2ece0e52cd7db,f5a8d911ac4cb24b6be08ee2f3d587376b5322e63fa622ffa8c4b411d0a2136a,1,1
6a47c3938475e390d9109144ffe1a36a52bfbb64138e09793a2a3f6f9654dc05,44807f9f0d7188475864c0995823a38d51192303877252c46c2ea502f9674218,177,176,3031fe21907c70702d1bb4b619927ac4297ff58b437ff13e8cd08b8e7c621f08,bef441cf32a998d7a6ea1420891820f9749a962901e2eb7dc742ed189cd6d830,0,-3
04240e7f403a2801d6f3e1f03085b3ce338c176ff98195b98501d7db8d1f865a,47ef80eb7e385381983f0c89ab57182a84a1a4355669eec8e02ad777eb5d1990,253,252,197c0755e64a499e1119ff94fdf2e86d659c03c862c68e2c6dba3e2939aa3948,e8f4ef11f20e19854b1e45d05525e361bb51a6492eafb9b8f8b7bc3f8f45d8ee,0,-2
05f03141f64e80ee24ddf62dfe10febcb326632b553e8bf676a4d4540d84370a,47f07c9107970563e5b33380dfd2746533cd041b07e3bb594a29b86d6848b6af,443,442,c84f4256ad0e8fe09522ee7a701041ebe2a0804129797bc1992bad6f3e0ade7b,9e8c49289fa73c57b5c0757765e8363c2386c66b3c9ae7663970b346284f21d3,1,1
ee063ef367e936a461a3e3a4db180eb87cc6a1ada5621979701ffa70ae0acfcb,47f0cad2324ceca3f08cd682575380b544e0b2e61ad745fd24b92afa4b06d210,883,882,6d4b526f2f4c9e6deb08045da4030fe072f4094b0b9f958a8f4632207bae8dbd,cb90aa77bf830a1ac9f4510f6ce6ea638c530ba0025442f526632462529f6cdd,0,-1
634a1be760f0b721f755c2a9323cccbd7aa38c6e69e24e9224a704f013fff21d,481bdee43740e0e7c2f4933af9651f597747b3f38a1d205a1109fb5f2f93b259,234,235,9e0f2c136b1e3cc927a15ed32261a3814b5ba28e86a16be33f0ce1460801039b,2c0e028676e969803f270c2f633df2f5351a009f3845692f9b1cfed98552b306,0,-1
ad1b24521055f27d7baf435cd727c46aaa6a146eb0984cc6d0a4a88e261a676f,49204639bc1160c94e1356e230f15712cc7507a91bd7f2f86358e351d5347495,1006,1007,7ccc82b810b109cbd5f13fc9c4aaa96f5b1832c5965a226722e9305fb5afecf1,268abba9941468815842abd3530ce95b86c986988df371432f04c4f1e9c650c0,1,1
4ff2a987eacd23ec8f4f832292589c5cc0fe172d2d7c7364eccf9ce6341aec0c,4971ba76183f877ef585bac939924a6b2d0169cf2267b9979dbb8b6599996ccd,601,600,a6659b9b68e8d30127f65394d7c54fb523b13a393847170c892d9bd917fd977a,f2a73ae26c792bdd8a5a5eea531ad27428dd41ba8e8e028fc9fdabc4fd258b54,0,-1
dce51aa2bee8de2ac58424c38d3d2b678cf5b9d150d0c285c438ab9072bebeb1,49cc1385e8f6d31b5af118f0ca7f069c7c0acc78282ea130dd48911b245ee1ad,596,597,7dedaa55a8c48a9b0d8d5c220e827ea8fcd8db9f4cd0c01f6e5fb11c8b15b3be,25eade1d00973d39d6c69e746c14eaa8ca442ecb59d484873cb62275d8c1a877,0,-3
252354c561e6078d5d3f7fa10e757e6165e48dd5f72143e1277f41e10dd52eef,49ced0af3fa0e10eb1b17d8ab008f5145475f591c3d5131b56d4b8d7a46dc74b,167,166,0aa8610df9206aff3abf018f1446f694a77a2b6202e47a69af9e83cc3a6d953c,7e48fc88330eb7f2263e5775c2e33ffddd647f3ab6b7fca84351ff28716ca17b,0,-1
b58dc4fd1842f29ae4c4c1d34ba6e80877ff37c264834e45864b76e3efd13924,4ae0716d7bf981741ac03c1cce557c27880db2bc768dc115b1fbc2b5c5c520a6,352,353,e5654f446bfccd4a1f4aeafa8f6d97aa31bc25d7c27fd95377ddfe8f408970c6,11e5d080af296bc258a030a9c1b34e1df81deaa32821bca175cc8aa356f119a7,1,4
b66d116d0306635a65199257667fa3a70830ae52c6c53239e58b9c701c970606,4b97df2a6709fa9f10fb7a7f672905ebdd121d054ce25bb3455d912b8cae339b,1037,1036,8cb84a2ce1e05977a0ebb3fb5ddbf85b6e46e544f501c65e024a23de8ce4386b,2f8b67060962c2250d8868a56634902aedd503e831908d6236eb298e896d5c9f,1,1
ae492f04adc557a4153454c3025484b3c1f9facbb966d97e4cb7eaf42aca86c2,4ce20d20228a27ebbb75417a421a31fe3b20846659428e34d13d30698996cc44,970,971,b3acaace879ba794ded8e04b2a836ad17b93ed8080eb7a5facaba8ecea1c4e8c,474f3ed1b726734128758489f0660aeba33e237518b3c279b9920a8e7b36f861,1,1
107caa4f67dfe447813ace76856043a2cef304278cc7381e99705474f74cd474,4d2b12db3839fcc7d3a36020ba4ea02ca4fe43738445bd4dc242c19a6472a8ad,677,676,532b090ceb37be04d3a3327ce2a396faeca6e1e7a6ba7c055f4c85a043e3a5da,e2dfb7e68ef16edae7db54b7f390aed5592b4c08ad240ed8bfe425398ab5157c,1,2
da6d4defab832d086a76665cb40e61e0c749258f9e9c40d5e7d1988761653b1d,4d3da19cd8baf3f3c08b6e2e83be267e122b9a8151906ab72747009602a12bff,743,742,96775e1ce02bc07ece398424fcfe33aaa966123315e315d34731fd47a7231f3d,2fdc4a2cb3bb949b1ea532fe590fc5baa4adf55fde43e721151bfef0f1d21b54,0,-2
1b388e80271406d9fee6c244667096a24fe1c9a0dc1462808c62716ff3c991ed,4d3e9b8fe495b3cabf25992dbfa441d02600ac38090858537cb6df262e373ca1,360,361,1cc722d7dd8c5758088f0166a8a7181836eb8898d955156a141093e358088175,72e9b2f44f42300f9f4de20dfa7218bdb8f5ded34ae306a18c39896c191cc46b,0,-1
4e6ebb48c5ae3328caef06c780ec8969c30410cbc6cbe6a228a7a8d758f60a79,4d9ab817b6ed0907130a8c81440490696565d57d106884bc4ac7f5df182ab716,849,848,47c8b2933e724fdc40317e9b1ad90d003e8bde1e8fce9373a46382984f64a332,7d5b9c51fe71fa93b74e82c5eab3fc0a63e135c2611d649b15c98004df86271b,1,3
0b8ed4d165bd5f4b1a5f9814586181b38ce2d878650b98ebab6ee44eaa75dadb,4dca2c52b25122ee2727d4f021efcfa4a9eaeb36f6f2c696bb5388565efa739a,501,500,fc7dd5dada067d77793f039b125e19461a963f84d1a592e9eaa5ac6b18c43cc2,a6b6187cf69727bec10e275160b534ed01913026252699376c4d0f77be888ea2,1,1
06618629ebd5e5b59b2dabda7026b9df39b550029944387aa3caff0eaf965d87,4e68edaaf8834791c42da6cdcc65c7da1a78c03fedc2ae10a978876c466b2b64,665,664,f5c8c38fe20c46937fa80646fc8f0187e85f80987e3d895e4696b57578ebb6c7,218625cce23d221a414072739ab530654b252f8c6eec0e08915a2721941d7f60,0,-1
81de79e47d84bf51ece9f1d6fe980644f8b664f9af711b53f0d3d0489d12e508,4ebef9da5a5f0172afc0c138608ab2ee9dbc0d1e14ce604286579e7739734ec7,941,940,0f53107cf5bd9799bd489654492dfb10555d00b248af1390c69c51be89f2c0d6,e70674b7cfa859137a1d226d8596a90046bb43c258e4a6f0a7f5aeb82e0e178b,0,-4
7db760c3a6e8b8093211b6d50cc8a0c48760ca168bff4bdd233abf5e0e12d917,4ffe4790424613d907f6ee3b3f833ec29ef94eab0275ce0ed8b79ac82c1f254c,149,148,ad456c0c2530b49a913d563c1132cb2409cff344e949aed8d59d2d632b233aed,1e78a190f006b48c9147813b909ee4b6e66d57aa2437cd50ac29a8acc53c27b2,1,2
863f362d3739a310ebea7987f525071b903b79ebd3af6bebe5ec7606c7d13ba2,5057aec407bd8dc6cc7cdcc048553aaf2b5e0d01e22296505194a9575b9e9409,823,822,2552c0dcf081de5c438154e80dd536f0d83c6fbb0e375e7a3aa67dee498205c0,a958a7a9ff3c90a668be78f4369b9b0d8b6bf8e7918426435b644f919c0e43a8,1,1
37bdca17e35fcde61ee25ad56692bfcf0cd8a6fee1e3a28bb60b26014733b4f2,50f88a35d605fe0e1b528be93c1c8b15c4a68afd1329acb83454fd7fac71ef5f,980,981,9615c4a9753df77860049d165b3c2baca480b329513f9263acafa3d1f66c74b9,78f99d89300e55b95c4d241077865a6e1a1c14b52fa2eac86e84a9ab236554b6,1,2
fbb887a65dcc9e9f89638966b08adfb5138f6f0880c88e49fce1bac9112d0c60,510c8153c2a8c48a87649a1fc2236a3d9be5b090d9f767a0417bcadc95c0d84c,717,716,95e83b85155384c44100266c1174e3fd8cd8b80bd4647f462a7ef8302bc0ad74,9fbace1147e8f5fd5099d9c8444fbc40fa44790188b5131ddd25a53ca69a4c3a,1,1
7fd71a9423efcc9eac84311318647439022e16cd7f748afa1543ce87ec883727,5396fd6f324c5ab68efa76ca0f9a532e20669bc3a35d7f33aa1991f9d41a8da7,939,938,d0ab71c25f7cf4068e2ced14536d54b4a18dc648350bdb7435516b55e76aaa5b,f0da6f98c306a5a3796c76f5d93ec4eda783da61f6fefb8834b2430f543c7de8,1,1
b453999ebb200c9a04bf08bbe02717b20b35a151e57e68c6b5de79f47eee2560,539a0f51c37b3c9f0575414dde8b43dde6e21c3f52c12483d31831459b57b129,528,529,2812bcad5d732cf7930015eb5254fc73d4883d5802e63b40aca440b96a254267,39e55240acd10f00d4d5641b84974d846f21c2c0f456aea862441abb4946dbae,0,-1
7b804295bc37f817ff4cdb597a544ad3b4b3b66577970fca00ec7ae15821a694,548dab36278f448e20447b376ee102632654d7e777a1d3f1a2a4a3bc3f48cf69,335,334,f09a1080a403647335759c5605b5fbed0d8e44849303325817eacbcba5451ca0,d1c3d7bbf98b9d97ed46c442c768f518716c5f6f86c8db6fadd59251f121e16d,0,-1
e623687635515023310ea9d54b3faba5e6c9e95251860ffa0f764532d87ae43c,551ab6831d956df99ffe48400ea32b7b85b24a050ddd818da6ca297dcc62b96a,728,729,b9b74ba552d7621857a12ea4620918ca572d818e8468511d88325733a3674f83,c92e904757aee221b0f64aad03753dd88844b0ff360fc5d289bb517b76e9733f,0,-4
f01e2461aafaee04f9eee2b5a93c764cd24a30b0712dd7e8f2b590e9e4c8dbd4,5660925024d9cdc0143b8cb34a35c7b223c2225bb2359638854e9e0f2c6d6668,547,546,9efbb3bedf9fd04c316da105b393ec91de813a64e152013b68345092b2af0c57,dab19abe4e9842a883ffe0343cdcb89897db1359f917c6345e71aef3bb9c90d8,0,-4
aec2dc12b1415e8a671eac90cec5a62508d6fb0e925b4ecf042bd911eff3cca4,57e7b264924c9f25fc7d5b7ae61c216c08b941aeaa4b1b9817daf50d43c25d9d,209,208,7777d9e87c4ab156f3c210a3835f489449dce252c62a3a0492a7f6e9c6983ea9,9dc5969c911d5e5d04a05fe93c932c86f55c6a5ff9a3c99a240754400963c925,0,-1
6681c5743aa5b0829f0a3bc10e3e840e5a728680760c17f7ba4c7daa9e456fcf,58ff36061146d34f6049ef51626ab29e082571b633324ccd323be45c9ee194aa,994,995,93da755aed4ee6e27f231005f21d653029d6b751bee14c4966171296f341c499,85e3e4abbfd9385ceb1065f45a9658d73147f3de3fa1c54275d069b42c179543,0,-3
1749487955dea6ae208a56bd4d2151bc7b5bb4565e2bd6179a1da45a6b9c0aa1,597a1f87ee6f57590e80d75450f965120dd2d3115b110ffe6a461a1c96c6250a,577,576,fae3eff506c3371b121a9683139dbe3f941dde20aedf4f572aec0a2009dd00f8,ca1f4b91fbc552fced29085f69e3c2a515d82cc004e5889b1b66211cbb02213d,1,3
13e3d513ed5e0e23dd17229bffdd4095efc8957ba32d219d4e93a99cb0e01d2c,59b77427b489e81f29c5228a8da7399653f862f8287789521f3a60562cdfc653,37,36,7567ee6c9ad4c1d23a745692e8b2c98303a62b17ccea469b9aaf2a90d9809da1,8159bad382ac7d9df67caf7c8f1621139ba6c23c0af793b6489108be4e377d54,1,2
7a486639a4afa3f5c1545e4a3af4f1bfe1f2191f45be9cce3b31797cbb4808ad,59f95aa06108d348c376fd372f0c4f2f62af3a3782af21d3a8e908089e2a6799,272,273,92adbefa3ea6e9207873b4e8e10ff881c43c89c39638d89fea553de4b6cab01f,29d11ce78536811a726e38b9b1fa0b9ed4c78f4e73b44cdfea6e67c632e562ca,1,3
e217ff594a4274ce297839f98d26940f33ff172b9371579cf02c72b2dcfd7137,5b0bb87af5f79b4897a5ff6674ef60ea01d2b606ed32bc119851af64a9a39251,905,904,7f2e8b3bc9c5f9a7cd36f2bf527f68fa452dd43427fce1d6971cf7fac61335c7,9f0f5735086fdbaf3eefa898ad3c54d1409337d7d269c24f648b73482bd34daf,1,2
84d44c849e343e27daada5d0c0082a565afea3a76292347f1064c5f62dd8177d,5b3c033a24a8dbe738afc5881d831b387d1da275c315a8e81c36d2e409e14df4,864,865,2e1db747f67bbe1f072c695cc6a44d497be20843b6dd93cfdc108feda8fc5b64,d4df97881dd8a0452d5aa035891d95835e5e5466c8566c472cdc79987c0a9065,0,-2
ec32218a226eef147d7d8c821f9834562aff782fb4a1a192c21c560518380c06,5b5e043fe4dd0795ae6a536f7e3a9d0909b97803f2ad5a436c9fed88cb587e07,584,585,50503f9ea53c15ef8b445f3a5b591ef03a0a73a30e7516fc019dd253a321695c,f152f03236bce511bfc5f5ada62883c3b8771e0f462e43670cb330d38f5c1433,1,4
86b8d02080daf29777d511dba46379a44d9011d393fef75f6733c4e927ebacae,5c33c379b95c506e5ee3eb72ec3aa30fdad73397e6e6ecc7dd88519a4fc2a80b,878,879,70c4e91d385e055b574fbb0a83a03b349c98f79c7b47c6e3685fa1dabe7f78ff,d4010a3bfc8ee53358c882f7297dc235949aa5d902c70b73111c563d8ef5e488,0,-2
a895217bcfb68b13ad0ce2066d7d474bcec5c4c7e1aaf4d7114fcd22950e360c,5cb5c1b67d1f728b600300b32af90b0a2827cd67cfc9429d5964e5035bb671f0,368,369,f968339f01e9e000ae98fefa0067bdaa8e9e83684deca66b854a1aa1e2cb4d0e,f46e8c378922e760f9663ab2ce6221eba67cf93543cd0085b7868b8efaa9dcf3,1,1
8ed42d18f1004afa9ecbb8d0693851cb7dfd41d19a2c8806cc970b6eab28bb43,5da24e4e6905cf452b64d7420c4af9b1881c53b6545feab58ad34369881ed03f,214,215,105e092eeaa5d602463f8d8bd31adcc565aff6239466e035dc66177384cdb807,56e107788ffdd7f8b9ef633d17a822f9ff2ff60a7859561af4f368654379daa9,1,1
d16977a7df0dd14ab7610766d99c0d752770d137729c2e8d2f1ed1a8699a7c9f,5e2225973b07c43230b3052e397d1f6fa24ceb3c64f98770fa25e2362c8e6f4d,773,772,ed4aadf194f93b8c19f284b6c9ce83e7344608b31e027e453953dd69063095d1,42299f8fe4c5f1f19eddabb52d73e079f3b532ad8d62268394453f6846168a14,0,-4
6b68a6ff995652892184441c05b2205ec49f40b828966545fdc1223f6de48045,5ebba43c69814243559fbb51460fce647b40e198597c34c89c31bbd739089229,1031,1030,541da16695a851c5bc6c8e8c560fc38b0d826a4a92546d44acd7bee67b8919de,229efb2cc7bee49b74af776741e13eef66a78e30d34372d75596e64064885ece,0,-3
87c49f098901711bb5edc8649dd6e7ad460de1e1dd2ee962264403ea3a3676d9,5f0de3ac7b369b4d9d3646a02a332a3c3a0e240455d97b9eee5febd606eaafbb,768,769,89f6302a3c19158494d05e64823a5e6eee7bbfdd3383a5124564ccb05c2f441e,5f667991f97a9e8f7616fff8b0bea807724b35e8367d2ea62df42a40f3768a28,0,-2
1c91cb6181d1dfaf7e9cf70ad8905ea66e93eb616381c6fc5afab64cb17cb6c7,5f693f21992e6b2a83230d3dc0c877273e9eaf74e8395c4408140538cbcf9212,571,570,bffc131b75463341e06404911cc173455032f6be09c653b7647b9c1bdb5264fb,8aa499ca8de40031c7f7a5774342d22f48d93311c8e58bdd45de90b17cb461d8,0,-1
75f540c742349559d2145ef3cb442d6999098b5ed0b2e009b9a8d207e185b366,600ff3bf83bb204db09ff9198eb126e249fa8deff604b818e6685ddcf8cc4cb1,887,886,3e1873e209fd60adb47a4c9afd68f529b1dea4113944055bbc4355bb3d7cb4ff,8276b2a7b6472d8b6676715264c004d78292e616dfccff26c659f1e194190ce7,0,-2
b42d51fe0a0f8ea1d20f764f371b99b70993990b52c7372fe7c7e5492417d56c,60b6fc9a00672ca1e0675f83483738e86b7db505cedb8ef45b8b60b08eeda280,202,203,ec0f2c3371172e6d5d214de4cfb43f008a7ca7ae10ef8324d925cc404043ff02,69e8988a058467fc1ff6b4851d5a4c7f0e07a342c5c4001013144f7991b54c0e,1,1
63c4f609692a11146a6846d0bcf1f87882c1ae6bc13263c66f8a83d59f790881,61730e035426e319c5fdd3bc89dafd9565ed073c76802913cddfc7f1dc169cc8,913,912,d05edd88a230026e94f7dc04ef562072583178eadbd180d3a980e3db08af62a0,aed8f87b07a8177949b2a26636b56cd45845d3727240459457ff5649267bc7b5,0,-4
cbbd61edbb126c564dc119c414d55344ad726eb188842f5dd3247e15b54d22ff,61808511a07fcc333ce56223b73a04b320551b0c28e5ff0131dde01514b3d6bf,205,204,e689cc0bcc59c8204520e0419e7aa01aafab2be2468e6d8be5c284504035456e,6ab287809c179f377561e7e1442c507c43a319d989360021bd43f489a39a707d,0,-1
c5c985a8447957f5ff444794b7d6fc35ed9b1e6015a15e75f6e56750dd7c6a4e,6246afe0dfdf5b37640ef715cae28c11b752ee258be277fe917898dbb535d8e6,418,419,2635b586f4263eac6bc9c9b85977cf3dbf379c8a590d1e040eb4090ed79d10af,a43714742d1268f0597aaabd03225bc68cef0d08c825491ea899098c510c54eb,0,-1
2b2ccd0170a996ddc5a0777353b87954c39ffd583bc4225edfdce27f86ff786a,62968e2724418004f78de08e98b8acef98dd028036af6824fdb547ea18d3e021,186,187,f30eea7663d5d38eed37a0ea7c35405020b489c254fb294613d64ff151dfe503,1f369e974821742fe3a18a213f02561b6aaae37ea3f2340285ad029481f0bbb8,1,1
ef53beee5e972b158d738243a71b44be4c30febf7359e485ebf5bfb7b4cfc52d,6334faaf0193b0e1ca2653da590fd826c905002524163fa91ac68e819b07995c,862,863,561ea92324c1bb8cfda662620e10f4a907d562de959d242bad962354eca7a298,b7c4f1706640f17f46c340d4ce2c26aa070bd22b35b3015742d458123088440e,1,2
2822952f249cf5425e8206208cd3f0fd9e9f3dc49096558d22c07990ab9bda42,6436537b4db5ee720514693d19f21921057c92b973773aeae1d4dfa4c87cf3f2,641,640,df76e45bfcaf22af49bf573c6162872635c30d8b2f73c869989dcabb0fa05270,bd426c47198a6707a0d147408517bdd52eb58cce611f2168b163453caf8db065,0,-2
9d8a7806815d91f92fcadd34015eebd317034e40c37e536663ae6288c7787e53,64d1e1331f84ccb3708f78fe2ad6a4ecaee4be59db5d478d171cbd1268e9d204,376,377,afbf30d8aa41e153145cfec935c41e834d059876369317d99cbc937ca386c25a,687ca3f976291cc49161d798cf3be3a29e3ef17981b3841feb5250348a3a90a5,0,-1
037b61f5d67d6e8ebaae3606387f014ebab5858983a4e5c3ce9f869902285881,650137414608444e040ad36a4ad9e725d8a1505cdd6b4616d3ccb975a5ecbaad,100,101,946e114b11930367f0d1beeec0f52e1c026c53ac0546ccf72e5fe1c4f18e2391,533b3cf7c4679093fd4a3b32b89c3415e66b6921e3760dd1a9b2f7e0d2e4a1ca,1,3
4df0827e5b9b56a09eddf22d4846380fd076dcd115ca96b67ab3d0b66455ca85,65dfb78276a4099112cf492275688f3980b147aa04b1140a2449937acfaa7059,578,579,2d5c543774ebe971e243dc55919e307c0295b6d2e05f02119b3db00ca50a2abe,a98c2f99e9b494b21b610a1c2ceed9fad57126a16265cb203111721953e5323d,0,-3
b2db91996ee8368c89448185ef0238a7677a314674bc63b59444d0c997978fba,660df24168e29fa6aaaa6c3a6dfcd0f1567f63885ad1fa046258ac1b0f4e815b,276,277,c31ab008587b081dee0726af4c66a784de298709916ee7e4a0b0f463e04772d6,9198d507b1226a22fa6272c39addb3f9730d9dd87caf8948b2a01b254fb8a996,0,-3
060534b021494a285fb81ed4ba3e2c6449fb9309096284a8a40ade75f7e7964e,6612f12b66348d147dd40020e30993060f3b6c4352fae30877e2848bbe426f49,928,929,c04088f5141e3356d5596645fa8edacb3cd4d9c528ff2dfca7c9a085ebd7c73c,2f96e976f697928b3f43bb0f0016fa9678469535613aa83d5c966dc43d19b64c,0,-1
fc945e747b1ddb6fdb6937e2e14e1af98b9201dac99666cfd17109d78d647521,665aea0a5ee6db46a6849d4b6c0b38f3a129950325a61dce55dd384f4d7949bb,713,712,32a557d7603f089e34f016a58e8475ab4f6c66cff720c4c2b325075d98c16258,60bca0700419733a253116cd28ac808d6ba962bdea8e814a714909fdf5e3117f,0,-3
ad55a2919433c38b31108c8816e36b3c4b8fe815214256166b40f682a6425e4a,671855e735191e7ee66a6e145c8066574b6002733c8e81ebc4cd838bcb3ab272,923,922,04c5cac113d80dd3130098eb4c8da3e8e683bac4c6d2d9b1d70170653c142299,05afde496387760a2d29b17cd32bc9cbf4eb0e38e5ff7c6f3154fc0ac154be20,0,-1
9cf9185ec19e026f6ff9d5d80d9e93a0d3d8b620f1734259c1e2cc8ba9cdc861,67319a6e635258f6d2da8fd4eed1d4d7b31172eb9fddca2764d87966819f808d,338,339,98db40647dd5893576819a02bb5eaec7ed8c5b6540e55b22d85c7948f2c65a9b,a3c8d41cc83b4e734d7d14ff8c17783293ff58bb1d98cc4286adbfccbf2bc3ac,0,-1
71d085591f6b46f9678e3d01ede22c11696653a77e61d945d1bcb21b1bee6966,6734717916a7a5dab325542e1ccbc54679ab033894c3f31c4ea4d78a1d7078da,329,328,8e1a1015f7863cd6380e822dde90769d3e9f6a17f2f009811a1df9dc56cbe38c,4b03c5465e34808f02869e22fe3399b2e9388b88ba85a990f636c90d3ee88fef,0,-2
3fb807d6420b5575d982d4e8b9c6827fb6f6d91efbf9b45c6f1f9c0b0dbd4c27,67c47658afd2a66c3b641f301692ce38d0e34cacc4ff70c7bbe55308127b41b0,412,413,97c950fd543ac2ee3d01f23164e8cbe106acb13235fc2d29f9c5fe206dfc325d,b0458a8840cc516a71e79a947f01b28098a96983593148a3d26dacb0f8a45389,1,2
4550c1c563627006c5ea35c38782016ec1389eb5681e30810c858ef4050ff167,67ff002030531547804fb93104d94c156a17ea64c991d152bfbefb5dc912efe0,825,824,63c74a70c6d3efb71fad1e80870a05da686a743c7eb872a23d69a21067924144,224c5c7e921a08ab4956585ffd77faf381376cd1eb7ec5c1fa6caa74c1803579,0,-3
9d796641dfdfd63daf50b8e015564657d1c13346d8f0355fb1c825cee91ac26a,689372ab6fbd451180c5ec07a22e54967c0ef21bcc938439ae7c0c3f95e4693e,644,645,c63694b5ff64ea891cf6daa2ca5b7b3862d3255d767a9d97c760101bf3ca9f70,a7445888fb49d4c8dcf733ed7beae159fc6af5298811b2b40ab161337b81f94d,1,4
8dac3d7889125c8e96e42b9bc9b1e2b3e12c62fb8829700786a06d278a496101,68b0b6ec03c7660c1116a314314fb4f7b46b2e24191c2f8874fc09c506f2e33b,1004,1005,890708c39348e0560918d27926cdd4a783b02f9fdd68505513a42e37c8541d4e,081fb3bde4fbf4ce575378363bd2aed86be08e47e163938cb6fcd21ed101ed49,1,1
f34f82e35f46374cd6f976064b43e6577299436773a1c969cd831b2a2f21f756,68b9ccc27cd42b15290fc840e4cf1e87d5bd595b558b77c537ac69de0a929b4d,795,794,05640effe0f1890f10ec40d2e61560abef14ebc58df241d883764a556e70382b,e9fb31f1bc999c89558e3b15316dd359b7e4b3ddc8ed10bf4915d589caffbfe6,1,1
7871b0ac0451711267bc7c9b0d23afee6c0b47722951052b1c03e8bde7cde4ad,68deaf5999e6e33dccb5557c2981528c3374f8b0dd79d5ab86bfb26d574e683e,722,723,6b29f0034a8c50e3086d8e2cfcaa53c0be9678d2e1554e441edca8d6c655f35e,9e31ab3afad7e03096e307f563b464e576c6323889ef02c1b7e0f90bb98d5a0b,0,-1
7fcc26ad6ba8e15cff63fc24839f9fc3f96f98b0ee649b7ba5747b867eac3150,69cbc617eca16cab451336573e4ce9d2d318b051766966a96653a02add889eba,615,614,b3a002c7dab3e15fcfae1b40f8f3c6aa90967a854e8e63133d2dab58ac38dbb4,f861ec4275044d02fcdec3d16ac9e9ec6bbc11f3a3ed67b61f4257462127067d,0,-2
16296b1cd26f01530cb05424bfee6eeb058dc69d2fee346d663d458814ad9001,69d40c3040db66de50065ce51c0d87982cef2f10d3076f69f3b53078fdb7cdcb,295,294,0d5a4c5eb244721dc3eee4483f18a0a860a42a14c162a06c12aeddcbe891d5af,f7a70899dd3b0547aee5d3d82062965802ac4a415803ff14e20adb0561299fe1,1,1
ab7af2d282263dcaff29b5e780156cc4b67588988fe9421f512efffc9e08e5b1,6b93b3adcff29606411a64a69032507e251f01c298ac2cb4619f3930f08664cb,386,387,357791e5c38df066a34eb99544b4fbe2774437cd3cd6a995bd400fd8fc252223,b2917acac7543146a9a394d4558f1afa72840941c1016e5adc1ef4ef761a9882,1,3
79409633330a24e18a84aa60bba3342ced594fc1e5138178abf8b8b5f04ccf68,6ca85c0c9291afef1ebbdf4054852efd7483f16c08cf5a4bfb47e485abcb35af,634,635,ad6f54a065fe8dc61c5158b10b1fb98ea24af260cd0b7b2b5667ee88e074e2e5,7542d2134ab10765adb1cebc11c6f9d346c637fda98b7b0de7db9fe0f9bfe405,1,3
da45e058ca6510d739c2227d49b03460c7e501f4b68b59c6c2bbf59a91723f74,6d1fd3e233f66d7cd036912bdaeef7de3e9b22a2f354bf2d9a3cecf48c7e5012,182,183,26c44894a7f755d450d3b9dbeabc27cd361d92285bc3b6aa9f9e9636df4591db,dadfc42c185de33e70ab42e3414a57cadb087fecc14c774a2ea8c1af40cdb499,0,-2
b4b8cc8a896f71cf377251aed9664043ce2a7e30a3324681c3b38d319fa75138,6dece5f93e178a020eb70f1200bd244c07322e81534f5ec8139b7cf787907c45,993,992,3e82e8a3b7e06a2a0894efabcfb77284aa2fddd5d882178642a49d19d9f47d61,97afbaa0d4c0f1ac3d8570f0a1e73fd15c54753522d978ddcd666b649621a674,0,-1
17932f30bfde31da15be9ee2b4aea3ea113a071386fc03e26b53cbc81fb42e7a,6e27a506ccd18dbe371136c539b7d11f0606ea8059ccb16daea577e2701e3a81,301,300,1b2074fb9badc16a423c1ba98ecea5ca9709218397320a77b81fb29b02ab49f2,8ec3b1be8af2f8638a9ffce63958bfcc308a8c92168af1eb780516831acd5b0e,0,-1
b5471c6dbd721facc5740d764661be0eaa0b6b56f714645f2663849775753e2e,6ed4f8754cf0fde7e85ad58452ac858d890f4a177533d2429e1b2a9943555752,249,248,d924a8840fb1872f34b4103b57e39be8f8a94aa7b87d3d3942881f62b953df5f,ae510965e5b83300cae2d8844d0bd017aa2cd76036c25002f69871992e277574,1,1
d323db95511df1781d663aabf987868357b5c113fb92750721ebc77599ca3e4e,704b38c478e00d1626be1dca7003c4a5d0dbbc9198c4465c03005b25f951d42b,895,894,476babc5d238ad4cbf801372b3ae2d3c0ac142dfcf6eb32f110f0767086f323c,36c79306ea2f6e31ac5ff4db1eb4d3d4bd9c5e9ca37fd4560e4716eda0ebc6d0,0,-1
0545a45707c8a8661148718a529cf3f5d71293ce4c230e287e5c33eb822c1887,71000f5781f8a36dfd6dbc2e0703e9d8c28c6ef29e0aa563518e7a27900e04bb,163,162,cdde06ea88553c1c892d240a21dad2b0e1904bf5ae1d45067837f364e864a904,c19789e3b3d37abc2ce9362b48bed0282db47348f81af85a5d4e551c27cbac93,0,-1
5a87fddbb8bd77844c16e626ba772c89052340e047ede8d35e69bf605e7b48cf,7102d75cc8976a94a99323ea4c3f107a81b7afd0d28b77cadd80751a9850be33,337,336,9f7d1c9751aeb5685891d3b41b84a989081ea79aa5910c1fd11e847c77ada4e8,3906124cb1c18b2d641b070a284c3621294151331a5fd932e144c061528215d2,0,-1
1d388a9c9b88ea41989cc515e183d2c5df1e27feefe80abe5335b86778f44f0c,7170e0dde674182f90182951e5e6e4f27e74acb946de25629d7a0dc8b76e3f15,916,917,0745c59c456eb23346a27be9f269c03685d7e4a4e5d8600b6ed352fe2d4ecebf,feab5fbf1f0dc7eceb0596f16dadead346967521adfdb337b3fbd55c78f32c46,1,3
404e250055096af8fe673bf25974f05a9ebdc98f4473d0282a35981a6280223b,71846ba7d658ede0f4f0e147a0adbfbd75ece4736afa6aeb079a80fd43fbb5d1,1014,1015,2cd9f90eb912398f12b1c3bda32af6bd4f94cc01d7b943460814729b8d8a3917,f213eed6c8ab8d0d0a1132a71c5a156d5f8b4826326f231e5affdf4671ff1310,1,2
a7b614d16aaddc06857dc3a76d121041fdf0547379134a2dfd28c2f71583c22c,71ddaa856b036d10296ccd6d773190aece86cecd275e4e02d39d5ddf55effc23,401,400,fe77477e3bc8e4196792deced660e093196b1c65d707106395233dea07092a59,c85f96749c89185bfe825f660613a031c2d666c1ce28282d3e7ba723ed5deca7,0,-2
5a4d258e3eaaeae49c8c241889e3fb3ea952f4a5210e842fe120a954a4357918,71f613b485a805ac9686d6af0cd8f2dc5fce6456544dce83debdad7e7be8e33e,837,836,c911c44b49926f6e7264474072dc09043b8376d95ceb577ed87604fd8c8a6ecd,f319905f59bb496fd039f07043ec1f243da9611937f51ec00ac78b33a0192167,1,1
1a790cee00166f5f33a412f5f5b0667b8f6f8d48f7404f1c08af167355ed4985,7546c10b337c24e06e50be62f8dbdf31e9700c6c3ba2045f8aeb8c6facd4a55d,934,935,96b6c91650241b0ac4ba090a834cbe9aed9182071b70e9fbdc4b03d1f20bbdd4,f8da5a048ca5ea74413737d54168ba117bf5a076e6eafbca7446211bf8bbfd08,0,-1
6b9ba88a7171e36327ebc0998cf73bc40e0e23ab11484dcaef5cf3977b298c96,754dafb037ad945012f157dd49751ac43037eacfad8b7501675ebfefdfae1823,446,447,aa82ec6000a29ae8133e97b39554b97ba9b2505a9314f55e7419f9e14e1faeae,2b6673a6e536465a247ae8b72742411e345a1b7c82835372b4e45eb44c5f75aa,0,-2
971766d01347e8a0e3045310c0839710ea5e122c1aa7fbe798b16b44dbb97b01,756bd3c3996fb3440e4c3302f243b5020ac656354ccc0d81918ca30fab9fcaf6,86,87,0671c5a57f734e1e577078b4a333e5a6502f774ea0768ff82b337cc3794ece45,f7ae8bdae3e1922aa2f1ccf8379f89974985670826ef518fcdcb385a57266655,0,-3
d686bda1f5f06c34870a1b78517beee2c0ff712af94c65f0a1fb05b988971d14,75e4f9a7409e8053ed4413396f79304399a2d3c9d65d221dc2dcc89318f63ff9,195,194,d3e1153006e55920b46627b50455b33cb55050df2348f23feb88c6de8c980497,b6ae631e955a004ef2da09d4e02ebc5ead6a784591e605b16773b3d8e117478b,1,2
0505d07faf2b6f64eb50743f8f6762ec94c0400c6911903e887d42519c997eb7,773cc9bfea9052aad05cea3f7ea46cd38c65d735a215907cdf03e8eb1b0e25d0,671,670,eae9d04dc3f4fb9c2e74a7496c72cac1020d0e6503440c37773a978ce5845607,2ed6338924144098dc36c3cd92e2b3e979816e4ef06fcae44dbcae15b42d6cd6,0,-1
569c2d7cdeba1c10f2aa97b39e4271ab1fc94de6bcb3796938f1a766df9795a6,7841960fb4fb32ed623e1f9e68bdccb8af8b61334e843914f7550a9026d6405f,322,323,ebde0654f82321b066568c21404c5a731e00dc1d17041486111b7a6322e53729,43e8f0a81ed7c4b7bff2045db71814b84ec36d0c94baa82ab022441858f41df2,0,-3
45d1f2045605f2e70c6cc6dc57cc7b830f04072a77b18d35a516992c38b552a6,7846303fef212a5723a35629494b7351c27ed10a1b2c9f560ccf6f3505aa3d9f,278,279,ddfd483ac29ac7a8d9e600567a89686862821ad9abafc756f84f366656df522d,c731653a5ef65541c4816e9698ece61f5ac8371587f7bfc02dad5cf3deab0f74,1,1
e1add172874fdb63afb0a4194eb219bab2b9612290ee349892eff6bc0fb77dbe,790d839319c59ee26b851f5caea751afc592d6b32c3d9937f2f603788b4bef8f,390,391,c930c88e0536edaf4369b3807c9225ef72ba2ad247cfa70bbfbb8afe371a056e,f5b60cbb6d95d378c22d99d8914ebe0d7e81e7c08eee61dad9c71983bd0a6b44,1,1
99c4c8dea3d8c6d7620c29e69e41b49abc201bfd131433c27b8e0f3449cdc04c,7a92622d89d0809367a265d500a9cb06d1ba8e5726163517e45587a8b3be530f,308,309,8f5d043542d7fb92b4595be902390996bf2af24e4186c4ad92fd3fa2573d419e,b33f49ab0ea0d3db794c9a473ea0f8e75ff281178d7e24e6174b6ec4f71dffbc,1,2
f934eff499ace1678ccea77dc964781ab0b88e943cc433a7a480bc7b73cae163,7b982141dbdcd71f0169de987a046f1c00e9b7d1bdab6e84205bf8eefb0b81a9,720,721,c0d55ffc6865b60d5e05e885b23c659a1a4e0e5b5b8cc193ad1e9ba44f174db8,ffe6a4cf46a717ff3fb3d94042f455b7b4e8ae1b2498cad0757f4e8374ccef29,0,-1
368ade05f761414dc0fa188b1b891feeed6e57d971e3987f3df417a4a56fc42d,7ba4a0005b3923f47531531ce3e9fc0343354a7aaaf254efcbc388b9fc3f7d4a,751,750,4fa154c63c61010543d25c57eaf5c5e62cdf87424612931964814ce5c5c8bf47,a20bf33a404f9cc899f86178c157724773522b9013a72214c0ccca0a0f539521,0,-3
9005d61ec9b759d5639400b95b03c32275eefaa5cbf0fd537202b8c0d4d6bf75,7bf331d61e527b40dc8521576f4058e5d54d2e86a105e8806541b9c47f3996eb,832,833,30a2566354beb4c7f4924e4ef04904e92560f485a4a173255fdc8b26ac2389f4,ce4819333ab7ff48b3f5f076bed7eaa0c8fea0994050e83c16558376b15eb651,0,-2
1eb871753ac6909e08b63a3b45c8cb477128ed3dfafb36554aef4e35f8035ebd,7d67721ac0a6d25bc3c848886b7a86b86538e1f383a76974e11333b2f1cfa3c2,3,2,9b5300f7f83e649148fbcd52370ba4c2d681bfb010b72fe0fef798d1594f526f,8526ad9797f8c8bd4f50e9a5bfa2ed5a85fdd126f53d5934e1253280b9cb4008,1,3
b93f339e0001c2cec76b552910b6c786488a7c641e9729446b42cc9a22d0fa29,7d67721ac0a6d25bc3c848886b7a86b86538e1f383a76974e11333b2f1cfa3c2,527,2,5a303e9784d70213213479f399fa31c20aae76c3c943351b759395200b25212e,8526ad9797f8c8bd4f50e9a5bfa2ed5a85fdd126f53d5934e1253280b9cb4008,1,1
45041d1f44f84a1e793b6819511a91914ee1dc83badc0bf10c16ab6b39ea2e3c,7d67721ac0a6d25bc3c848886b7a86b86538e1f383a76974e11333b2f1cfa3c2,526,3,e662528db11679686b9360369dbc7b19346b28fc290c0363fe4c72fefc724d9e,9b5300f7f83e649148fbcd52370ba4c2d681bfb010b72fe0fef798d1594f526f,0,-3
f0e17ba3b3bc13f760870066932ec9fb183bc7a3035b370d1dc76543b41ef438,7d67721ac0a6d25bc3c848886b7a86b86538e1f383a76974e11333b2f1cfa3c2,527,3,5a303e9784d70213213479f399fa31c20aae76c3c943351b759395200b25212e,9b5300f7f83e649148fbcd52370ba4c2d681bfb010b72fe0fef798d1594f526f,0,-2
d73e4b49b7adb7a9d5b41b82dd02373379e66f7fda3c479868a6d1fb8415707c,7d67721ac0a6d25bc3c848886b7a86b86538e1f383a76974e11333b2f1cfa3c2,526,527,e662528db11679686b9360369dbc7b19346b28fc290c0363fe4c72fefc724d9e,5a303e9784d70213213479f399fa31c20aae76c3c943351b759395200b25212e,0,-1
87ab86fdcbe7e71d6cbfb996cb78bf5dee6b54a878ade41d94fef5e3991f87e5,7e01c57750d8851129e6956d928bc2ad55acbbeb68e305d161bfb2833e3180ea,27,26,dfe6d53b763bdc39f29f148b35a48bd52ddb339656624ab2bdfe5f4e61a7414e,673beabe6cbe14c6a75f5d19a46ad42df0445a49f3b5a79c36b501098e2781c4,1,2
73e51fdba46a9306eb349b7992a3cb1c8c8b81af779ab441d99972a62a010ccc,7f7b4a31a29c80ab21510e1b59eb112691b7dc8dc6a5638dec12da583535df02,697,696,c1b50cba4d7159a9d21edf5a956336c3de95661326afd0eb3bf0daf7e635f003,add96fff34e5649314a52f64863068bd2a8eec24e0756679f66b30e1930d2626,0,-1
064874b14bdc8e23b91c05dbbdba4e17615a014d0abbb84de5eb57910cb0c88c,7f982b10d63aaf82aebc00cda30824051abfa19ce98c100b36cd08f2d08f1677,702,703,abbaabd30dfc6a50758f2443e8e254ae534ba8f495a516ffe43e2f0ac4ce9e0e,17340a3ae6234ea1944ccaf9398c8720d76f0e27ba49c8cd5643c28d70206e36,0,-1
8a0b62149315ea457b8407c555b82e6560a4d6887d7d06e932c9ab58afcc3743,83e4225227026b1de81b0aeaf7de90d0e8fe367bde2d393428a553955c5e78f3,539,538,2543e40c300e38c0dba4ce6909b24be36e1e27cc133a962d8cf07c18cacf4329,9f766ec754b25edf6e80ed73775c2a773f3aabc4356479f890a9b067706a6641,1,1
0d6f0afc573884823612044ad16053c78df081ff1e3d48a16b09029872479875,84cf3be5ae26feb0b201b664c1042087c15104b17ba3c3c309fb1f8e40605044,57,56,83ba16d14f8659a2f099c376f7b5bbf9b829e11beaa243ca7dd86a715cee0f08,c2c740fc12238ffca4d7fe70252257f978c9ceb0b43828c1511b5ad76f6ce6a7,0,-1
f5131e4e6960da9734e4a82a2e297ec472140902696173cf2bfb3cbea0cb5395,857f6703f1fa502c59e7ddc57fcc4cf3d49103c734f95e93091e42330d91281f,62,63,14c8e953999f46e03de98cf8bcae35a2d72a56487a30bbaafd63449d3ba8ea50,6d4b998e2ed65038a17d3b6587b4a360c5c5db9261686c085300003534715e66,1,4
49862172e2855aa6fb92cf671f36779c6c0d0ef43c12acdc0afad36780681558,86b787b57a4679e9c9cdc17e1cfaa1b533e23f13bbd596da963a261b3c521926,818,819,07b96b6122398230f4c97747779bf8f7e02e0f04f0b42857ee386c95be8356b2,b3505466bc50a3cf14a5e782f2cbb64b7d1eb17d42269c03892fee582a494dbb,0,-4
3ee33c9c218557be634d8eff947277666971c8540a2370fca8ca5a7041b727f6,86ea9f6c348ffb1da9a7b8f1b19d3fbccfc1e0bfc638ee552b6b6fa8b55a3c2c,988,989,7ca5991e9f6f77170798492cafc5f2289db490bbb594e738f646fbada723853b,c37d369cce18cf8de61f510c889b8272d1c936f5aa21d40b9618df5b13541303,0,-2
7424248d99055c53aa6a07e06c3eabf3b701cb5ccaf1fc2ddd51e3f8412506c1,870b72965c744f5659e6680b6710de0624dc3c38c3f5c0d049369d25fb8d75fd,403,402,b11cfc263d63ff854b0d8e0136fbee07fd3677bb3da75cd7e1f512ae0257ffcd,ed4a336486e95bcd9ea73ee6e518ddbd7531d3e07d0f46f816e78169e9e9a062,0,-1
074c1fe3fd1de46a5c7400796487991eec50b4d5495862403acd6e4590a1197d,883345001bb77d78b8f63507d1f6194c4de85b11d862b5ea9b8978de3a2d64bb,264,265,b1ca7bd5462934416515fdef5c658f8331c276ad41c34d61b42fcf4ee528bfd9,95f89a0222b587d3fde620823afba3eb76a39bfdd56766b8cfabd1629f71cf4d,0,-3
382e95bf3ae6061d520e0c82c3387c5e0ce28fd35d645dade64b0ee658146197,885704e4c60b06ab46e9ef6298a835e25993a5f354ac04c2f2ef08cf4fb2b77c,533,532,656ea278de3bcaaa6f281afc93e6013593498ebe9a53b83ee56a2dc77684862b,27de14a606201906165b8333e2c6ba0383190dbf92ff94be0d333b9d534f7965,1,2
1695fc8420449a7c14c87d492d6024ac8a1dfffcedb6e6296d7a4767c3b02bc7,896d5e6cece3cb54a0994d4458e6acc4d967705b7515ca6a60ab1b25d03a0edc,875,874,669e55621b1bae4b58afe543034ce9a5e30d17c3f3c00e1f6533ffb908432160,c425031b4c9afcc669a583db5866b31ba356854e7431105d23ac5504f8d6b60b,1,2
50aa66fdd7ea5b9986ed03cd8a5d11ac50c61ac1d53d2f70c3e3ee2ce0e43641,8a6eb89c87dce1e4b772d862f69024220013ed819e8403a888a4cdbf54205fa0,432,433,fe1cb5d0f2d9c3c77cb516218bbba2e326dc5db29d8236a6cb7f8f983ee845b8,204902ec4fd8e40f9a54d396592d85cfa7f5fa66acf825e79f04f6f203d5031c,1,1
3861a758dfee31aa00734c038c140b8d279584909d4e7f848d01d52522c449cf,8af401f21a1d81eadef852b5ded5ed392a30cdfbddd49530dbbc42092d472ede,398,399,8af5a5ac25757dcbee71a79a87786d6ac03a95df7bcbd48574b7e3bc51923918,b1adc9376a9e0af055aaa80484dce6d03e567468cf7290775b48bcffe572a5f8,1,2
8ab44f9e6dc96a460ebba97042554e502222104ddef45a82ce2afafad339ea19,8af59985ce25e9ad59bd2d8725a2a87cc24837ba9dd35055713f659a76ae8c58,69,68,860e2348a11ee60ef82c80c1841740f07422e5b61bd6a375917d90a31d2248a4,ec106327b44afe31645b26594195ab54d4169a16800486ae253268a242aec484,0,-1
3ac053459591b1935b52f84ad51a6fba0131f9a04753251a619ce73449195458,8b9b0463ac7939a7d566dbba71aa8667e368778906bf2404ee83f0dce9a152ba,843,842,0564b51dc1837ac6ccb8114a2022dfffc7cd9d091a22a3ebcc81df5910fbeafe,72af43107f15f9778ab386908b7c832e0f18d7706d506defebfaba026f36aadf,0,-2
baa762a2fc561f322fd232fda8e515ec44ad0ccef409ccc442fead33c3c7e933,8c36b2b53ac84daedd53e412a69c42bc3e41bdccc7f1315920fc1ad6525eeea3,439,438,2632ff21355fdc54cae65587747640f7cc8e3ab6e384eb3d9e68f626818ea38e,a81685db3afefaff602e139929130eb0aae2423c9496d242ffc2fcf36b855ee9,1,2
b99e279379104fb043496f34b962d3b868b900f537b2a5106c6f46ae053574e0,8e7fd7fa90cc17affa3a3d77b81ebc892b522538cc2a9a55148e038c202c4042,744,745,f808fc7a5e88b07ee7b0816a1d5868f6d447127253481eeda9c889402a3573de,35cd02f94086e7d38120d769c88b3bca77cf906cfd97fc17163de6faa6e5d24e,0,-4
02570659ec76cbd0b044ecf4634b25f644bc789b9fb76a27b0afff842cf5dc27,8eb8ef9079d1cff8681ed138a1ae90772f16ffd8b5cdb9f764a725852dfdb874,733,732,c879a841dc97f8a62fcc0631cd5b9f22b017e7891ebb84287b28b8b4b98af68a,e21e5b69bd3d4f1ec83c70129e3aae4455960b969ed31f6e3bdbdc0e8a445e7d,0,-3
a5c761259a21d39385c1b5544383d2b279bb2198365481470c6007b86447faa5,912a8e08a7aeed329bfb4c5142297715093190c7814eb36f18c9029214036619,260,261,916c29999bb2b8538ff3652f11068b2a4445a4de6f6f1f4a39c4f4f31f54f2be,82e5a57382ae9cfea1c254b4c11c174588ecdd4c2f852dd4c4ed5db08b9663e7,0,-1
58c29697091ffd5eb40d6c10922e5f7390e5d7088f0f8a3103a4f16dbd16b63f,9136dabf5c25a1a3b34e7b046daf131e22569eaa4c3368dc7d98da2e20bdd350,359,358,e306431abcdf04216d341c8b28f4dfb0f11a7eda2ce802ad9ec9b2ee6892c883,bcd259d077aabb4b0981ae49751168940d4ac82a644bd7c3c391226cd6a81b45,0,-2
eb60ac0f0963938fbb6f925e09a18ea715ce664728f8ab805f0e19821bce5369,923c7d98e6901fb0e479c8eac0bda53240d85db6956dc4ad2562d9b996784a19,179,178,af0d09db0e2bde0aad50e5ab0fe279c7714accf2986b2e02ce4f34ca355bc6a7,10f51c15e82086d7e0d25d0c1c6ecce56db2895e41a3be17667f87761443f6e2,0,-2
1025263f56c35a714b33f76fbf0c1c08fc2ff67dd37ec262659ef5f0247ac556,92e982cf8d462bc0ddac6068b61577d21d71b1082d74cd4d6135fee1c261823b,236,237,cc113f5ec2e0e5c19c2d628ea203c5b969e7a87f43ddcd5d300b789421075daa,9e0f2c136b1e3cc927a15ed32261a3814b5ba28e86a16be33f0ce1460801039b,1,4
f16b2f24a80c87267cb7046622222ef99645ffb3ef9eda50239da7d9c5c312bd,93c1e8dca050a44ab808e1ddf11d7c44bdf7091f04b6712038b35697b8f4210f,725,724,34dc24da860e250e5bb0e50ed35426ac6630417b048deef009dac3189342117b,5170494bc5691b1c946a39ea329ec858b6968a8df743c5ce8cfcd9341f20696a,1,1
6b6dc29b9f918ac03b73b3c62530d9d9b0a100bd227021791b8d75e2e26daad0,93f7608b4162f260e164eb2760f4fa30c3c89ef4e3289c65bf4a89889547bc06,124,125,fd6bfaf34033622412b0f9e0c79bbf4c4f937b9a490753643b4f8e657927a102,0f71517e577364505a631852c412e9060d6f79a6364f745e28f6a18366e7ac4f,1,1
077bbc1fb0a08ae3102654e3035c744eae4bc1dd036a187f5545abcddec2f303,95028ea8508aa56944307af01c06874bc14ecfe2b14a02c9b45a147b1614b729,791,790,c66720cd8df69ee5be0fe967aae9f91cdd0b80dfd98bdc23dec27eb09bf373c3,6c833d5dcc053d370a7aa28be4b960637b630b2fd9efe18b705be072d73d5529,1,3
eab70edd46377b48de05439be9a8be3f99331c6a666973519140505088223e14,952906d152718ebb4ef82fe876a3988f2b387702cec775b23914c7d6031e8e7c,820,821,e1b3406cc1625a15ad43d82b727a79ec257de47d101ba98f594cd27bdf900d90,7aa4ca45c0d58db6bd9a483bf646074ed7b3051d9a4e0184705603d4e5899b27,0,-3
1fb7733393b6989ba189a951d1a722875a3d5ba3730713d7e3cb5491b68cf2a3,953d250dfb7f011a8beb991808089a4459443c65c066451b997982b1b6a03fd5,99,98,dab4289149f8b65ed518872228c7b4db04f86eac06d53fbb333119cf368b0d19,b5ab23858d2ab501d41a606d47dad9462089fe8e83b8e85d0332c361decdc7ba,1,2
336f3140c6523364dc59a0fdec2cf14e705aad3fbfef3d63698bacfdde31c2b0,97a74599a488e1c4d806b43fcb6c8ec572c3398fc4e0335bb8835b7a436a4fde,556,557,53a9b81d787c7dec0f9eec64a3c339df3f1d06bf682cc72609dfd748f92807db,6109698faef60e3d3accff18f431aa521cf456503d9e549b3616a9e9a1188dce,0,-1
d1b1d029f8f1e9f991f49a722b5eb2ccead4cd1117a1ea16b8b568b455a0aea2,98576b9740437b84f5247d36c25e7cdce35bb262c606ff0411197b2862c19f2a,786,787,f1e326b9ea2b72c693c01db659b318b96d36da6e14dea9f66d79fd78567062ee,262808e30e7ee0e26bb033dc382c3f7004a9dc1cd43c1450a844185f315d122f,1,2
98c3a1e6f839dce886d0b4b4b4e6b8ccf2bb17545d690fe2661398a63b6115c7,98b8795a341b384106b685fba112a6690a2621f17cb8072220bff5badd193b79,672,673,283188158b32decc453ce50d961b72070cdc780af39ef7726bb0328456a53c4b,2c5c32204bbde2fd38f7a025c551b981f259044919312e02affe9933eabe5cba,0,-1
208801da02101f3928c8ab237424d9ad327bd24786f624f14e8008d60d485b41,994500b9c4e36cb4e48a4cd8b043c41820e01087334659eb6e335a73fe22b01f,151,150,b158186097a91d3115d7bc72a00cf9bd16f913c115592a97910e74ad073e41db,f1533f30733cd57f9f1d4cf6a8c045656762e31de325233951b813b825c44fe2,0,-1
c59c58d9ef39004af8ca4d862cb2b872a0518d7b711b02de9924fb8a1fa05bf3,99a8903df90e8786229ec13cc8debb75352752d1c9d2d2a1fcc68fc2e1a33237,211,210,8366307833ad0e677dbe6b0f1366b839ca49f26d91972ac27c2d7ea49e30c048,fef095b9bbe41dab27c8eb5dfccca41a795eb5a89785a04567c167192a11ac39,1,1
0e14ba8aead6f842e9d9770f8c2df23a3b0a60438f1f2327a5ecd6eb0cf7e980,9a82f2f4d047ea6949455d25cd37432f2ed0a6aec69ec610a0970d01163f3e75,906,907,28e2e069c2955dda9fe6ba83ca4969d06594009a562f8870c0ed3feb1ebb3414,61aa3209ecf2725657bc0750e1499634b9aaa3e2ace9973c0763c8d8d8c80be1,0,-1
a1f696123b0bbf04b85e5128722c2ae4dd46ce560804a9ad503fb25cecd218bb,9b2b0c2850da533c839f3ab41346ba1ebf250cfda3323b4743a4bba4c939fb11,318,319,fecd61bef4af902550eb6e9680ce7c7c090bfb658e10cf22a2531243ed8ae988,fcc9cea04f5200cb33aad012866f2b5ee115eb405153fdf29a9b32dcd865ef9b,0,-2
5d438464c5b433255ddc013e4ff52786f97c8a7ba54378de077b41039d6d2e08,9b59c8a624887326d8122147ea4ae9811f8ee20237ce05c68d3696f0ce2b23c5,884,885,0bcf1efb4949b8691021ae232194a9e0a3a486000c8d009240f70d9a354d76b6,5a2c0cde21a827d68fba6a4f74c77605b60436e4586c1e80f0644129c4764d88,0,-1
0f9b19c6cc48ee52ccf8a6f76a7635ebda768d6888f2d180dc40c730c0d67328,9b6305d3009fc897e45281981104b7dcd3e07f0eee5fdcc2bf7fa6b74e9e1cd6,985,984,02e0184d1f45b9a0305570260a093261cfdc77c4acefe477f5dd5beaddb093b5,91f083b7c0b9c08f41680954621faaf9ecf9ed02b7547c5992e7ce120773054a,0,-3
0f9c5845a261e216c57aeff4965e305ab85e268ba625d5c60cd345440bfadfc7,9bbd8e150bb799a1acf8186c91da9180ee7be5013f38f5619ba6a79360cf41ee,466,467,713396ded8e8480fe4b5fcaa852536cdf94f3835ac82e50d39aaeede415931b7,0de1a97458cfeb73603e1a33d47910e7e7fc6c95267b5b00189375da82905762,1,4
b1391e4a6d3a01d61ee2366f7f12af0064115fc68080fd3e3c75740dc665aca7,9d09c9fed9ee4e72362bafb31b7f85f1c618d0257ccf4dd500b0123774ff6778,340,341,5f3a85741bb9c8e78c690a4140fe29697ff967c8192b00f3a65cfbf805e70a3a,815dc43b67e18805c2507f299e6abcaae2d2910a0e60d5c15cb4519a95d53471,1,3
743caac87f9b262d5538448bace726221cea20b8af4fa36808ef1612173e9009,9d779652c2f776b3e5f1bd215d508ea9762d6a79978e007fd5bea99a26f6210c,44,45,960f32cd5ba48208038f8a37499751eb5c419d88a4066e5e936ad4610e4e45bb,a6a030ce526cab5a26dcce37f9c8331f98fcde12aa0a154ac99692c7a0d15cc9,1,2
663e5964d8331a93d19d77f7e8c12dc27f9d7c6cbc08fa2d2080b7033a38dcb1,9e21bf264d423e6daac09454099567f3aaa823f116110e40c5cb143a6c146c68,96,97,41651868128e1f775ca7bbdccb0ac433051e67990a160ddac252d8be9358f24c,4283ebf9987bf00cc8dcc5772e006c7aaca15c9dffccf51346bb8c9617d9e64b,1,1
b806608dc0d813c1b6897fdd7a7ac5c6c9569501af385c9017abe6f0be6cc50d,9f3c2e456b993d44d2c46cbedc2992683254113998c3f8de338a6a580b6316e6,555,554,edb0055a89f414cdf0ca54dab9e159bc69ec25581acd554406f202413cbf6c9c,4118a8d550e3eccb776ce539c462980cc201874b81469f8d535986854f9da29e,0,-2
ee49b395fa801a5155239450e6f656f174338081b2fda2b4f9d9a170f0b12a40,a0953f05758b7048af561083e4fc8367d5cd5530409611297057805b73ba957e,778,779,62b25026911ba33190a9a2bdfa010bc7bb7b8e5f826483aa84fb56e5cca976b4,4a5d8372eba7c4ff526f7187f03e6690f85811a625679e8e2dabb6a997af5b95,0,-3
5f4505070702aef3052e8c82a9354e0c25bb9875534a55effb79bd722c3e78d1,a0f48c179ae79f0de20ae747cb66f4537b9cd0c6d4e5b4d29a7aaffa7c10b75a,349,348,fcf44132203799f43fba3b492b3416fa21f432aa0e4bcc6c1d9a98b0df359d73,c745c64f4606d274c14ea28d63e54d6c39ab55c15b22794be7329f049ea0a48f,1,4
9188ffe31c595bd6ddccbc6f43fe6bc67b937c8295d19eb0418d3ef819f348a6,a2cb2b95ab0bc848a3d33e67db4d5ad0b7acfe6352f81964e719d58b001bcbc2,968,969,2171154b6de49be125d218c1d73de1d08d81847e0bb98e4eca48257186d9f790,1e6bb7a52ca51f838a13aa16f0bab45d91acd8b64bdf9a261ea7f826cd6016de,0,-1
c0478b8b54741ca464a9c759da1fbd3a6dcf13d4f2b6685b9b9e83a56ce45db1,a3775ecb69a430b718751f361c0858bc3e48c28fff05c2949915bf31c75fdd0f,490,491,c02358beeb2cf84db86fbafed5b39eeca1b9ff3005b0797e3459f5259515ada7,be26ad40a5d2907c6e9fd0369d94b2a11b11c8affd59979f0626e890b8fc33c6,0,-3
01a48493ff15881dc563d42e93b6f9051495f5a5c619d31fc91b0f5ad0292677,a5309ff64fb638328e4b87a382e1a83b59f01bb74d62ab4c702285393833cda0,138,139,69664dfeb56a6e0245b0ccd923ab4f65f75c8b0166672b8ebb8d54d04e508e13,3da417e58d88cdd0e768fe4668fc1a604e13cf6ffecd148ef8104a7fe0e3bcb3,0,-1
04442aa492d98e3d6a729e9ef2e5f6e3b8a502725182f8cfce5eb1301ea0614a,a53998f7295aa6d69f625330e0fd2681adb0435d3a1df8f236504c5967c32a6e,850,851,0be2ca9a83b1f4348c72104d0172f9012a5dcde016d72a87add5009b4a64fbf4,9f131a43f178140d10d02433da74c0339a5ab1af7f3ca395ed2fcd43bfc0b988,1,2
6ab4cc2d74a02bda12278dd5172894de937738837dc27089925a86e46f5c7c6c,a5fb0025ffcddec19612be84fdb13012656c67f940a17399cced5280d923404c,775,774,d7cd42149905900aac98f54e65dfbe489b76cdc93ecf927c98680cad3d457215,8b1751e9074b8b37f5a53be747a503bc0f377acd4202685f6915d477a70a16f0,0,-3
11be1d5aa31daf33248367f842e255d51d548e30df01879988bb6f23e7b022bc,a7647d0a04abe0c5720e8c288973c8cc74780e7b4f22c242b3a27ac84028b97e,792,793,ee46654bc4c7963a36e1e76611e6e98b2932e2512e1e74e0829327308384c618,372a659c19b8952dfbf8287c3f15128f4356d7f1b672879140ba9c3693bcd7c0,1,1
8b9bab0e6a0a8e64001af6664c240e9b8db47b7c947d2b83874d116cca68c3c2,a79d4a5de3a1263d31619c175bdb061f69d9f08986c4505cec35b9ad9367abed,1032,1033,90bd575565fa8ebf14d3eb2357570c5da799baa5615669206e27d3fcf77de809,be1a6850ede3783e21a0d8f7ce1825f630210c0cfc65a7eca81a1664154e234c,1,1
13d6011e418777e27a3f71333072233a68a331bb44459cc3ed2ac637793a3d86,a7d41c2e53dc60231a96434b00df75f2b1b7c7d949024de50362c2d444f2a665,954,955,4cf724de483e5ad6e497fce0730796792b5cbc407b9a3cecf38b7015e6a1fb09,e7a679ecb6a4097062470102ac777d5bffdf4fe8ffeef0522982a96404840b9c,0,-2
760095dbe2e0d1f5bf7371b9cb4baeddaa7cdb32fe84c32015531f915985c8d5,a7daedc102c746edf95c75fa6392f71a73778a97ace28c43611e54722b491c9b,181,180,129223a1a1b2e145cb2d8bba91349dc91a6d44634838555692cbc41c0873523a,ef08d5b295cd2de70e671574cba82c8eccb071d972b1d21ab3d65ea4c5af8e5c,1,1
0f450c4926f3f1ef1cb855c73c59ea8d2fcaf0743df29cc3b425a9386ee607a7,aab97a69485973d8bdedaf05ed153feac8d5e68748ceabbcead8650e0b532f4c,55,54,798689726abcb295f0c8274ff002419e4916a36bf66e37bfb40502f3e0591044,286ce2f722dab92aef1cb49f4b91c32e790ecfcc09d720dabf4dac84975fb1ac,0,-1
e262c918b98243f5598d0bb38e050bab680ba79be7890f6d9150e4f1a84c2112,aaf9b2a2678528a8dd51431d143d737a1aa17f22d99c396797c68781e1a58ac9,1009,1008,063a680db05beab94d8c83c91634e0f4a2e73de74f2e3ba65e624315dade1e2f,e65bf27b400215fb41f885da65775a6b26f5c1134f2bbeb8c9af091eb699c280,1,4
84127715e9bf078f47b9db6510e855909f1eb6d86e47b1fca0a3aa26507b2db5,ab4ce38b595f8c14cac14dc7a4fc115a2019ecaf72ce06d703d3f1e9c86e6570,647,646,c24bae0a8ca8251e06efdecd31b1cc0c2c5598cede5e615b1272144d57d7fccd,249b639444edb0461328f37403c9a8c33fb4c5101db653a21963175451fe67a1,0,-2
93599300415d161bc319fa79b39bfe1a0a7e367f93ae027c4b0911b153d5ab37,aca76968fe9c0b52d6006a00396f7fd90bc384e04b757b78d1531ce2bbcc313a,28,29,ccd21be4eab420af98f9be6046335195b566f28d47c2d8070e645ed33278ed04,f985db838373f5b0fdf59735ac384e46b89a13df7c7886926c40b2d7636b5085,1,1
c47914e97b528d8e9ebcce21a997385568cf76312e19baeaef42c19fe8ed10d4,ad3596d4c137256ed0cfa8c235aab3097df80d1d9815e1a7bc89b248d1e4b016,678,679,81184af9986226549387a437898706a12f5aec6ad24684863adf13db86c06d96,32aecb67ad0644a2eb9aeca69be78f411d228908f30e15e939ded09433d3b940,1,1
3cc91039b7f0e25df63e9ed0e681535b1ac05fad1cbecc3a30049dbcf1cceb5d,ad481a3818b55c8e9420e76025a3b55a7fed716e878c20823414183a5bd84cb8,835,834,ce3354d61c94c2825383c3ebc5dd9251819a9562ba69ca5c9f91e348677c9f6a,6ec5ad4507aa15a331fd64c0c34df8f6f84be97b2adc2a082dbcb9d281e2b280,0,-4
24844fbe5317a7b9a42e0c3caf400bc6e5f9040873a89ad00a39a062c0180a47,ade802560d53429549eacd2afd1a350e232355608b5225e1920327b673154d46,88,89,239ad927024b015ff538723c7d933fc5a14f8f16cdc256233c05bd2088c2529d,b8e6e1e04182d686096ef8264951cf73f9d02dc83b9e7fb091ef172a2c8e57a2,0,-3
170d25a1428a349bbdac4eda5ddf5e4a7c7530911e2a4e928f71abb2a8712a51,aea266b7216326e3334a28423f407691ccd37eb0aea588ac1708d30f85d65e17,785,784,a69b9d1b4ec6dea61517722452531febd8eecd4c05fc29eef8be635fbc7f9eb3,87a0058b5e3feb83d6cb7af911b8b3a264775298db001f96fcef7525989a7572,0,-1
67f158e05a80f86d9f84bae744fb002591001d5eea9db1efcc4aa3ecd1caeaba,af87e5ce5caeb77fca29abd8ec1e1fc2eb6b0ba8ff9843f9e896b235e9c34337,898,899,705ada0838395f3873abeeb7566c328553731cce2d5637297e93b11e9f6474db,8cb6e341d7a49901450fc288020fd77ec6af75094c4898c7444cd82de018b2b8,1,1
2b0a7a6dedf4bf44134280176c004b537e0029cbe9d5d67af229e0a567ead974,afb63d3ea061840fec3552043252ffcaaf50c3887919ce3adcb3668fcfeca9c3,627,626,f624bf5eb7c2ce2dd396cb911729a90e99eb1bef7170a478d42cc746e3c615c2,86ec2475ab8eecea7fb7cf5b1877994df6abe426e6d6709ec6ce2c69fb302696,1,2
0c70d28273e87f6480f6312f83c5faeaa39687b0008dbce44b07ed79bc144a52,afe5a504958da82430caeed49900ebcd354440030c0aefd95497d8e2d1d31bab,1010,1011,04db253ca9a70791bb947db7800631958e68411e1abf67ea13de06a97801ba4b,2daa8977fb3f64cb025ff0bc68f8235047a0a701d419f61a907df5d319f913f8,0,-2
b5f2836efbe4c9db88f9e598ab7747455a061145e659b3ab779e32860a339b2a,b0226cc3193d63e89592c7d42327eda0a515430f35ff0837e07ee0182c78ee8e,441,440,69d8fa52be09ecd584d168e74e43d1af7eed6759fb7d8a138025eba1a16ecc01,bb971e9f326f1193daecb029130df18e06c104a7c0f829eb880f08b5004963c7,0,-1
315baefefc795728b4a61e5fbde941b5c494a85cc5d0a0a19c187fcd75a0e5a0,b072e9daa14fb928e5dab1441c903bcf6f36577dbc8a71c99840b7ba30125d1b,636,637,55372ad0d220d97fba0bcd154186b682c77aef3dec8b336fd175eccc3ba7be83,72b479d40955401ac216b75509c1fc71de1564ad4a16964c690ba019ad70a757,1,4
275f5285a3da1b56d9da7e6a8e3086e35e463d04cb3573c82e7b5022227a7e8f,b08764720603ffbe419ada28d7782c019ca8e189c9aa1f2ccec7ba003480e618,53,52,6e942557cb286ef6524c9b6394fd5ad83e7b63138b9d6ae0c8fcd9bc98c0d149,a69556260738f96003065fb70cf8eb10bebd07b79782cd236d8f600e157586c1,0,-2
b6edc5b7adfa40a0bb91adecb21db93ca92c1083e0da8d7691898c22f14583b2,b272496a38eeb7453c4359cbbaa4e7413935896ef0ca72719c07d5275abc75d7,380,381,fcf4de76504d9099429f5e5ebcd99c268a1075759d32e255496db078839ef8c2,4ffbbd09cd2db10c04fe9a2c9646b1b5ec5f6dd9e3408cdf02d181c2b857811a,1,1
ff503a915e0b7b363f9854afdd9d77ff891a379c9111dc7405d935cafac724eb,b28b4c8f515a1cf78e23c2cae246493aa7c3b81f8c1e3ab283d37eb332f623c1,218,219,80b653a02750ea3e5d94c4c79a5b37755155c046a0d173bdfab2ae269e94b955,6aacf4bfcfc4878a52541df07cac0d86c6032891e88c230c6b099b8339785dc8,1,1
711cd66ca13f52b6ef0d38185be074052cbd054746f380297d949a9681e4c7f5,b4a2a9d86080bd5c5e81a9c787d6327ec39b1474e801a3ee1fe097c56864fdd4,660,661,2a387b2a69c87810f36dc031f4cdd34206483f64ff0ec75eb8ddf44323ec6fb9,f03e125149127ee2847f4a7eb74ae78b3018c6fe6e866826cf1ba624a7652456,1,1
f3d911a56af9b61ea379d982f06b1f7b7170cc9172c732930616c2ab7a67340c,b95b2580c5f03ca116402d6340f4dcf60294c6301219d5ac605faae775b84a50,245,244,520536d570aae461d33a4f76d3f8f04d76a04ec827d88e2c705094ccd17d7a88,310b9125ff93722db76ca17360be405b00560a6935304ed2f4ff5a7eb6ed776a,0,-1
26ca31d51c3dd3353d6502b7836726e118d390613fe1f715cfa1ab10b888dd99,b97e4d3e7f09ba422f510a2bfdf8fbdb2d0c362f92183610bec843c546a3da87,505,504,4075461367b90115781677a18fee57ea95bc7e419521d3a2ebdf6397ecf7221b,0ee5e7015d4f36eb0c0ac76fbca17df03d4bf00a85d463ea5264cb7169d3f3f8,1,2
50d276bbcaf1f91ff3bf33c58919172f2c38eaee4ee7b64aaf689811866be097,ba1da18587317a1a79fe5e94b7e906072fd5e028b96aa30b62e4f2a60847bfd9,173,172,d851d1a2c9a0711e6ff64afd563c4880bc9f4d07e71a337a3e27d53247890354,20e4c79428b6a3b1f0ceed45cf993cd77e198db500e428650553df8df562f8a0,0,-1
c1c5cb7e3cfa9ee0b6e98f37f86226557a0b798bbea22d8b23b889b4ed0f9b33,ba351fb9cff3923b9d2b88c23e435e62d2805dcef878e4837ba387bb5b5a6ff2,268,269,afd4e9c5cd9a274ee99f7dbfea9a9c78798618e2bc8eb03e2dda9c3037aecb8d,1726a71eaa796f5db67fce72f5a34c611094cb5e587a59669f488250805951e8,0,-2
ec9d9dde5fdc174538ed863ae2dadda0fee8be7e04bcf338c7900416168f9c9f,ba6f66ad218daa847fa36abf9b832a07b7fce518648d38c6d561c2218e1b2679,417,416,696d007807ad7c4bc5c78a9216347741adc59d09990f423aa1156fb357b5231f,cdcfd984207d6dbef01b94ffad6ad392b1e38fd894846b9ff036378ba2b2b231,0,-1
714eed92c1260d1218e43ede911a0fe1973e0d268cf557a38d05b948233935a5,bb1384e28c9a3b49770f6be695a25e53ce29e1d8b7a4df6e2f96d38034845b90,754,755,5ac589d761fc3b08b8033f48157dcf0116ed04a3078194f0e01b024073d189f6,a237098fb6ae93fa7ffb4c65cc95b817c343a7f6c445f4305ea8c8e4c45437ca,1,3
2566d2c7708a69586fd4ba379b0fd332a8d59ac587b7dc80a3ae6748300d80b6,bbc8a3afcee2fc7ad6cf49d84781b3cd226bc5ddcd03d3b14a7d461f35fb32b9,127,126,264f45d6ac379b8a97703d455cd5409312f5f8d657b8abdeb48c5833afefddb5,af8b365bbb3cd76b93d4a33df3830e38e66b3b2dbf1e722bd4be88d5f5a66071,0,-1
f831551e13fc5740d9bb9e40bb54fcaa7353ddb16e1552c9858b4d28ab1ac025,bbf41b0cb0450ba70244f1c02e7d77db23b3dd9224e4f7e1a50dbfa07cc92a50,224,225,0e1d4fad2bf3d7425434d53e529fcee7c44df3deb74f201451c4f5a9620fc56f,ad35bc26ac05a52e8d07b963c7629bed3224a2bf5054415012d7223d92908d47,1,1
59d0026b4f5d9126440fededa0ad97e45ae26a61c01e3487bb132f2196177913,bdd4e196e6eaf89f74ecd46c19d3aa47520435ecdd741ad2e133e865e973444a,651,650,66e9ff15ec4a4877e988b8538504b40f832677d2e449da911f661671c9ae44a2,4aa6571069ad4db526d2c4053c03f5b822f717da67dcdc1351f637127ae037fa,1,2
0dfc08fe1bfb7a850c98a2a6eabaef5aae13377e34bec461691ab5a96befeb8e,bec3948ff9f4c2019c3c6f1f1572ceca0c9234cd16aaee8fc66f5a1123b2c63c,106,107,bd38f5c6333e727363ea9691af532030756518ca9b83383345b48c6dbb6b9e2e,f67669bb1736679225da1ec916c7721d686a373d0b471199a7865140e73bf0b9,0,-1
94724cda9c8a0934201f2903e0c812e1bf85d68c0b54f99e62e83003c4c3389a,bed9021d6d0ee6cc87a6330c3211e389ddc168259a5b71eb6a62fd27498da472,618,619,3bf1b6575fee90e16d949e6c1ecd55e4c677e3a3299f3813fba5a1e020deedd0,6f69d90ec9e12c9316bbf578524cdcd74a09c67b0eafe8be2f5ceafcffae38e9,1,1
41ceb59e63f4dae231dfae84a6dd776f14b9c2a62f028ac52848319c80c37f09,bf40db22ae57ce025bfdaffadfa6bbd1a79770e42e0f2b341d9b807e2e0b776e,164,165,2d20b10ad96ba859c349c5e38f7b52a8a7055fffb2f356dbcc1b6755b7870af9,c162b94cc70135fe0e99376181ff93fcc642549a6acaaac53a286ad23f0ec665,1,1
fdcdef26aff6b8b271ea7c1d51f0297e7de72466611f4aec4d4a8b3d53950814,bf945baf92193d5b154c18d7cc39a5c034be4a34769d1c8ea260f855be520c09,782,783,e8363e35a62cb47bb32ed19ec11bc3ea378bf2ca0de40190dc269c7c82e68ea9,580987de8dab3539e1627e0a569fdb57c900024c8449f0a060ea481d112f6131,0,-3
ea545d251b600823f248a41cba7611f1e4abb99ba85d74294a615527e637020d,c42334a516aa169ebe56f07cc07d261902d4b5195b2a4538466d049773668c6a,633,632,f98c0fabe750b1c042fb9b99547ca2433a7a6cf794d399931301605e56293f9a,c71b1b8bda07f47e73b6c498f51a691a5a5f06d5835cfbee7ff017c575bbf787,0,-1
084ff82bc4520c938b20a98e637b9c3803b7d8017820c7e7ce5bf96d4a398571,c49e1ccb07080ead50aec106eb5b93c9e99a7666ba5c2460a74e8f259a891bc8,857,856,c4f823329ba5805cfd40a61e96bf1ed9e39bba45a5c51404b4ba65c940dae596,886cd4ca3570818a41498da47d64eb49f4dd40db150d497d32cd5933ab7c04c9,1,1
97584512a3bf110e32c6d81dc2ba15223e25aa2a93918b5b1eec321896bb2857,c4b922b830dd426e3b4d12d03aca2a8eb2d59d36d212dd070ad401c3e34e3f5d,781,780,01ce9fbaf61ef1d4168d774bd4cb3ce313e903ede8931c7172b6e08de45d7b9e,6e30957e271a1a04f3f18df49589ea7731032d3cd766d5975a4500191a7dbb33,0,-2
b3aefa62cbed3aeb3e6849a84fc69c337c1f13cdc68fe5743fecfb44037927fc,c592600275bb6ab3877ef6aa56dc0f78ee56e552e49b3d0df0c7728329154045,492,493,b61f0e905fade28805bf3d90c1221e83aae6c933d6939a5c629c21d7631a6a70,b373b79eed593b8839d9e467578b58a5d3ba3c9bbba412669f248be62e2a5b05,1,2
dced09e4171f196cd197ffe5d11dc648cc92185469ee97eb0c748ae7203837bd,c86c6cfb82e6f6bcab22aca35e0d455db25d9024e105a8533795c6f0974d8794,286,287,3322415dc151f92d5c060fafe5c9e847da01b2c73e18c6b61d3038d855ca0429,eb3994607fd29ea2930ea770b04a041f74d9d9a682e614cc79c8f8b9c4bea377,0,-3
5b7d1f860cdfb722eee11c1f6be7c224ee3db2be7534e000d776d5f084134612,c90afc8d8d8d4caab8e6e5a8eb7669eb8f206fbbfdab7c4ff8556188d80a8ba0,788,789,99e874cee54c24cfc7636c1e7b8fa13a6747b6c943cd7f35ee669ca15ff053d0,2465de613c3217c21760d0d745a15a4bf71863c40cd425559fcd099d4025ff86,1,3
ef2b3b7df419d81768eca0d84e3719b2fe5ded103f4a2a016d25f05cc7e9d7e5,cb6c0d9f4482c9f776657b365d03b48e6203208575342c74a8b4f7fd5146f546,435,434,a47ae0f93fed571ef99c629c771ffac151db09e4b92e00f3a6c2757a17471244,d0f2951bea5f9793887694cc5196824ba1efab5f9e563ddc4cc82e8afa1f5559,1,1
971c553db29cc4767e6cd8a5f9dabd31ab36fe898fac54ddd1126079dce77ede,ccd769a7718e95e46e7bfd5714ed4f8faf4f54b70b2ef483f4046194a19bab8a,103,102,0fdfba907ddb5134b74f46a6c208146816515e93f97620922d5a4fd04a89c657,80c8d5e9ffbf9bd6e65ca78c2649c5c58029c479dd600fb6d38f5412706d6c89,1,3
4501bc118510140b4c24a277b27325d34ffa33b6e294045f21c3e79ac0c92036,ce2af5bdbf489427c0b417cde58f22a053f5119dbb604505edabe5988f861b57,868,869,53bbf3e510a233d4b1c6f5e91908a6f041473c271688cc94781e678a71e6c289,49cb7351d4a2a177b6bc36d931d4e54535800c06df9c879ea798a6b7f937021f,1,3
e40189bff8fc9cfe782a403df820bdc97bc666c399d1c1e0e71b4cb23ea21b46,ce2bfdd33759cfde15cf4e5c586f4bf6b357f2069f05bb48449b80988fa9db75,1003,1002,fe690b55870d17fd4818bde38b3ddfe86fbb120230e0d3dbd881bb2ee24f191a,c11b559cf167943b92cfe3c7731203535bade411b5f8268861ce07eb7933433f,0,-1
966d0e3339613c8c296c20386d7c75911cbdd0b19cd4e198f185d4cc96b38f28,cebbca8993669e15c3d54fe228fd13dff5d1123c2daff4982c7f279f364c47ef,817,816,4653f27d85855cd40da437b264fd2a12fcbf20034103381422c1852fbbd87b07,b8ee0079b58c6777298228ce1acdaa0b0c385a20cbb5fde2db687b231ac08951,1,1
328e3429aafcc2ba87604e44a354e2d3262ac2a820599f486c98aac20c4403be,cef0b6334c1bd9880593af016b7bcc839c068393df63e54da602ce8bf8b6dba5,958,959,bc2e808d1b52a3fa68bc2cdd6c73a1e2add923b484eb666e7a526bf93fcfda76,0232846547e8d1fce21208904cf51eeef439f78c9576937f7061665b3bb17ae6,1,1
ef648124574fcb23aee839f0b0ba8a6d42f54b1fb48a26ec0939d97b701c05b4,cfad8bee14fd0f55c97d37c442ec99940ce0779baa258589247d1bc43e350dd8,346,347,951b9ffc384cc9ea6f7ad6aec888302246b7edd07394c57c37e4fa793f5ce1ee,1f63ed060cdbe6a244346fe63f8912d9ea76d72e64b8a783d34030508f5585a0,0,-1
3bc27098dce7ff54746a7d7a5eb124d2b46abe466ff3616499cc0093d1a90a4d,d0514d76b74566472123e481e3d8ac160d9994170929f8a89a02a19be1f6dca9,487,486,496a83a6038a05a56bf71f7021fe402e9df2d2f467e0fe2910def0c8eb086a49,d915fd7656ea7440cd7845e1cbc84a7466680b107d4b467a51a5e6e8dc050b39,1,3
b7ff27c9f78c2064ca3758a3109bff631983ec9d883294e1857096ffa6b66679,d079ce975a6affc97b4e8817ba9ff00a35a3cd090e70dbef216c63f6c3966884,866,867,83499703eef37656e902497ab969bddefcd31a4d8350a040c0a89902527dd063,7c5ac0f029b04ce0c50b2bf5ddf4beec1cb82b2c54028eb2201df061aea2710b,1,1
f29bd63c0157ce463adf89676840d068f9f7e9b846f6a753050f04f130ff370f,d1c0ad750cf32d915faf99d86d37a3b8d334ccfde191eade93fbe53cc072e6fb,262,263,ac56d6f87c3a6216ee95cca6c8cdeccfd7bff72fc2fb198e89c7ee31b7de46e9,c0b419f870ab0d6d75a892bcc9dac69db072d157dd0e4fb41e87e49e63c96baa,1,1
cb540d95bd2cfb6871abda64385c0dd9e0bdd93c886cb8350d5bc3c3756d3645,d1d55a4a27b408bfd5c224aa8c8847a16f3befa04a47e51f82cf9d3fbbe44b04,393,392,cfdce2ea82b82fff90e28f5756d7dfe9d3da4214e840dd2d0807ee1d363cccbd,7d4b4d9377c4707662fdc4c607b13a7eb7604ae6836655a717a682381083e94f,1,4
57c5858fc9ecca214ad121ca17746a504c924373f602154ee1dbfee01e09e26e,d2940396e6390437d07b2cea90d0a5f5252502d617292f18012301ac48c3f255,1025,1024,f6d27cf7bab569507d1614776c543fd73145f977d05b892f362ff9959ae69d9a,b7b3df82846e0c1dfe0d6dccbd90e665f301ade71418afa2ca003ee8a6e2037d,0,-1
215f460e34c940f3ff47a23ff72c2d98c1f52fb7e3618456d5dc45f380f0c20d,d320db4e5d4c7538858f4f78f9751a1b30abd25c925b6eb9726717dd630e7912,382,383,50d6827039d47cd6daec412491429a7fe9d8918fe1fbfce62389d7a4db7b0aee,158aba011acc0e6af12a2cb058f7e726c9ad7440622a25e0495f1213ee793edb,1,1
12f52af516fb7317ef2d9bb4c77c8af00d03446f8e3df5e467fb206e74609ecc,d458ab1d3bca62c0ae2c7be0eeb6188965feceea107fe0ef0e2f45f5742acefe,35,34,e22be7896eac601606c5634ef161c5b4e53ef480633ce0b516f1c7df232c4d7e,1d5ffd336b9815b25b664202534cc8f4cd3c7bb61af7978d95c5063552a7cdb5,1,1
e43d9f993815d23e982deb208b1ceb7f52c6097ed508a5a0cf1fba96846f510d,d45f714aba09887799743d0f1be91c9f9815bc36ca4464858111e44a2eb681b5,973,972,df17e6724345f5678542c000575b751b2b686b9358becee3df3ad397c182cdf9,60e568c6dbc5d2e88be296da732ea0f72b2d75f96267df315d6e3cb7a853f3b2,0,-1
5d1d83b65be79c4c86bb14a9ba2d6304d2954313bb46c05f67f46b249de09489,d4d483796998d2b9b86ab7bb7920ec85f2fc9e0aa2eae354fde2a2992fb2cb51,803,802,b538effef69098ef14e7ef9a9a67de86003898bb068da6e74cd3c9d79300e8f5,cf837290e9b73c88ea7cb8f7cc6dfde83977b657e255e03dee827be9b9ecf3eb,0,-2
4e20370048a7a5fcdefbee6dd8afa8fde6b07ce0e09b94b2ba8bd74bd7abf63e,d56a0abe7fb5a6724eaa6923d06e0a0d6c1b4e88ad2af48355a048e88e85f50e,568,569,05a1739a16c77bf41f81f4ad75e7af1594ae8d564a780d5124325952a263cc05,965e7df6574ef7b978965c68990341e52dfbc9cd946f939ed02d66921de927e9,1,3
74dd5bb86023fae9ea7d138f944e03354ed9a5a6f37787a5924897d089469fd2,d5d518bce5625ce12292f74855bb8cee12437f5284fb0a30c8085de347b4fe61,739,738,d65b4656f7f29344d6ddd2131ea75bad2c13ad0abf2d8054ea469515a7fa77aa,ddd1bc2ca234b72bfeb3648fbd587c3e8d51074c135b98f2ebc611c6900e3901,0,-1
4293812b4a32eea9c2101b243b0d48e2e4d327cac25b2cb701f6f1eba74dfdd6,d5dad80b97810789a95d7ca5e900e889fe5ea1593acfe317d28cd9a52f20f328,752,753,fde860c08a29b254cdd95b8c97cad31ec641cd2abb60524b1f8bf2696f583cff,abb0f97cabe153c0e2bbc580323397f98d65bb17e595353a024a3d1f11dd9a7e,0,-1
78bb6139c61cce2e7124a05a9b040a99c8b63ad308280b80847ebff247ebd3a3,d764be38a5e9308546a480e395a95c6aed0d23170b43d19ac4d3b0f50e15dbcc,799,798,82f17d1ee3b868b4c6e09037c82915bc05af9eb003338cec18b5589a613576d3,20f03eb64e053b983c2f2f8fafb0f4cf374c69d4616366b018ddecadbacb5a85,1,2
d2162293f104270704201d98312d7606e44215a62a050cb555a1bd3cd8fd066b,d7d0a82a819c12d3ea8e4856f3591ede81f2403aa2ecce7664dad5edda8393c1,711,710,6d887696bf68f6a2f3648c5dd72ca280e3efae0bd6ae989164542880ad8db621,651fa08980afd92b1d71316a7429a0009d33b0f84aa3fc45f9e41d5a27be01fd,0,-1
6f6ad677f3b32451dde94cca9204efe2f876e6bd88fd5dfaa0e28b95b8e49aae,d8079c747286f6dce6ab01fadc840b195f55acd274b23b4fe8a2697e7d340c1c,764,765,2d716265eb70d8769d9290d119667a95c17b465a58acb167f4357d559b585ddc,0ae58e2b0e982ff39fa91a83e7c46f7448be19d2ed3504b8b29c22b9325609ac,1,3
923a7fd8702700a8e5d9bf825827c9fe96b0aa17246fe31ec78a8ab74292ab34,da078b931dc2c68fc915b67677edaf20ff4e1a318dd6aab0a73d09a5855c69ab,290,291,4e6abfe32b6912a0d953ebbc390eec2d3bd9e6bc2cb776272da985ce8db4e622,65f9ea2fa1417b4ef21eac896e94be6abc84f80f898585597e0cadfb06f56c7e,0,-2
5db35591b58d8cbc1613b3c5202b8b15db96369ed68e15621cedee1bbb1c6132,da8350d68b8faf3baa9d461a4c18bed9663982cb040814da8700d8123799ec4d,977,976,c5870b683631d10f3e8e6e1fff76cc1494fb040508c237c9bac3ee0a22396aa8,4bc6bd7c8f1008244515f561b1bd73161d451d982bf60ae5a119515d51a0133a,1,1
fbf491e33b051acada0f925f9efe763df7248552e8941c1abc4bf36177f74d80,daa5a06fe4370f8d4469a9458b886953332e28e3653ce7f95adbae7d82eda3cc,776,777,46fd5bf24485c0f8b2d649472d7d48bcc93e18011e76e035d5b74202f3f509ab,39b71f427ac1321271a7f18b75ab6a67b597d2c64e5db42a41b7949d8dd2afe8,0,-1
2993ed3cbfe26654312da67876249ce93d08b5025ec5ca9d116268ad5749c3fe,daf46633e61a1a08c35e4091d3e5d0f02b52f9831f34dc67aec331a9225b2d63,332,333,9e935b7cc8b2d9c3e1f5080573c102e954d17214b626f9e265e4a29940d6cc1e,88cf1a0cc8bbadfda7b62a5cd2649d6c6067203931245ad549536b8f5b08ac47,1,2
85c37a5f49a326d30de86edf7aad58355eaa4b8936723deb3ed15d046e1d8759,dc06bc9b2a0736711dbab4f3b77ec19262da5e6957f8fcf674310ae6a84b63eb,133,132,569922bf30c3454fe9caa47f0ec4ef1a41e60a6dae30270ec28938b00b843302,26b5592054451f35249fcffc834d292f4b02bc5c7f8a088422fe9ad8104644ad,1,1
e24f002d8e397921ca20ae2d55ada122376df80804eb529d3fbfe8730c883794,dc359799d64dcc0b9c0debe1c9fb2a6ca88633c6c3c3140d2e0ec08684ab3d11,682,683,8224f87862deebafa964d9635fc060bf3f1e26dd236440f72a93a85ed4e50bf1,691bd18cc5b0351a2ea3aea245131deef0b5ca7b88316323a4f42f03ead42af5,0,-1
63cb6147433bb084c284dfb35ca4657ffe4961f7a6dffcd708f5f446f607d708,dcaeda9115a4f00c66ab8ef473573d6958f3d4c776caa121dd82d25e960e6362,767,766,ab3cca4b0bbaafa1d78fa13fffd98426d12238acb146edb449aa5e0032564c83,20d1af0245794f49c01d71f8aa86f23274d716fce97aa96710ae2c252a69aa35,0,-2
8d0c598fd2624ecd1aba6c28bf2e1e1f9fee504c790adad76050f8d60603f864,dd6fcfa0b49b2c4370bf92be0957b1a6dceee385cc400b2855c80ca7a6825758,567,566,9a6db05cd4201ec5ffb6b75232fd34a54f239189a87810a38db06304d96f9e23,7b62a8e411013e8600a113677b3aa70ecebf9356978d936e54e1206ae0a68765,1,1
14de30fd21648dccafaf21473d845ac9d64940c5048aeb2b88a5b3ea9a73ba8f,dd7b20650b7da83db904f6dc2d1479049773a8148e751777d6d470ec76c9868a,474,475,8fd56da4d1949e7f3c14d6ecf4f7814f8a733a1d2615650a0dfcff05034c0f5f,1095db4b90a98ace7b958092e3e08f52eeb85025f2f5784d072e9fe2dbdee66f,0,-1
571daacdee17a14eb00735d34edf778a1f0385f812fe5d34533b09bdfbb040b2,de597fea5fc874087c38120f062551782baace563a4d50bd7335779a5e5445a5,220,221,338dfc5cd2753b44aaf480afb152ba159c02b593c21bfc73a59b6f6c16b3214b,1466f48091f88365a74a60ae6e05a68ad79c78b1e0542f8af603dc723f97cbc1,1,1
1e93f0821b4f22cc2cb76bffed00b87db004e3077911dd7341d7e64da7d096a5,de886c3ac3ee600c2739334ce00c541ef9f9bf867dce191164088c654de12dfa,880,881,439e62c47fdbc06bed27774cb71d6ac4471faaaf2873626a93df69f97e190926,4b4640629805a35bd3d942eea0d97f1197a77a6d97d4bb9f541d064fc382170a,1,2
8e4c9a3a7edd364c0097eb87ec61c5f57b93f5e28b2ff16f10a05d9dfdafd3ed,e0128827ff9f286716d56321399dd9624259e7cc6a47ef4625c81deefd8f3296,129,128,349674f72ef27e83ec223b857bdc5acc2182b0a4102ea673c33a81017d68ba64,56b080702515df8aa98e0efabfd5fb7b9abae062cead0651ee1385c3cc133301,0,-2
b8deeb2d692670b11f4239f66dc8ab37b8c95d013f30c7355552aa4bff6e7954,e05893f0ab63de66665b140fe7f490c6030f05f315c9c0120bfa2efa6ff2688f,321,320,fd5debf2ef2edec82aa250797cd4222908dcbc8e6d3287c1bf276ec7388e9511,c120423740b497fbc7935726bff9560d3fe7522c30b33179bffd6adf997d5343,1,1
0df88cc1cb8b7f7e9141a0c8beec2ee5b298eb54c8631895b7ccd4c5db4e5b21,e0bb8a678792ce797b071c31f9d90434f735878e55c295862b200e3677e1d495,71,70,f09f99a723cf079cedb9f857abd950ba4c3e721852211411c9f4789a0bf9e984,973b02902513e443d8d982181de2ca7e51c6ff59f71f3bdf69bafec4ddfed241,1,1
6be520ccbbeebc88b111e97afbb90061032482daf20615da9d763fbda94e0351,e10fdd8dd6e0024e33b9623ab21782caed7b28c83de43637e5e4bff8c9b6a83a,315,314,87a9e20bd60b4f33989937699c8c2228f8c1317fae765c06c5c7b095a847d2bd,b68d0d4fad3000ebace7f2e507cb88dfc41eb664b5d127fdbfbeedfa6225f7c9,0,-2
b615051b8fa028cdcd0ccfa882fd5e6644bd9973ba48f23cc37b786b64cc2e59,e112028b4f2ff7ab3e617353eadb4839dfac1b31bdd37f5c5ecd0804275be3b8,605,604,d4b3b9e580d2c2c22f11174c64cd65920060d46a0ba9632a20973691b7702381,f5a28876bf9e42daf96ed3a72566ffbc69019b953f7feebcd3587c6b672655ec,1,4
178d8176ce6cf4094f3f441531a16273c3379765f785bb626bd7b903cda39346,e1c64f3626744f576128a3960a51d66abedcee482dfbbe7df1c624fa55d35358,758,759,94aecb23d26e3bbbbb982c8d7f20141dfe62a3808d305895a8de0116dcbbac89,6b4901463860279efc46c44b19e28c138ce507075ddc97baeabd18c289759954,0,-4
7ba77835e7754cce1ff9e44724f225aa5f3c2b9ae2e71a5fba437dad992640cf,e20de55306a840f011af2ab477238226a8e7e527867a820cd006e2b38e9ac849,284,285,f27b309acb36518c4b8d33d565be409ea2572d23eece170ef2ee9b821718bbb7,b32ae8691b54dfba32f9b84b40875d091de616748032f328edeca2470f5c8431,1,1
ff038d4ff7a83940466fbdbd69abb542e5a8dbcc741ffbc2e86bf2d599d8d405,e308cec99b932e36e2f81f311a5b116f2ea155090124e5fa85dbd8b011e6de3c,311,310,fcecf410e8d0e53398da515759ccf94245e3867a68177732303cc56946af601b,ca65ee742ab5fde56bf8db21a932b1ea80d7e7283c7cdeb1015e9b2cffe5d18b,1,1
fa1cf8e9be2c1751eea6c60c397d45fb1831ef322308f87aac726b52830ce1de,e30fb07225c391d310ec5f0c2f0022183837c2e9d52ef29eae4c144daca447e0,464,465,922b46e5f46099810c0cc40a26faf72dab64a3a2bb5f5acb81582efc311b32a4,35a30f60ab2e2fa915fd0241b433c9202bebb36a58b97e9df6182a9f2fcf5c53,1,1
38854ee0949e37149a05cf2c499b445b894bee4d00fda563610c6ba7c50903e7,e31bc85e6122525da61c994c6ae6fb8b73db00672d29692b2dbc7d567691c9c0,212,213,988cb07c51595ab04bf37ddf404fe9291143790f57505f441fe80c48c2b92a67,cdb876bd7acd136e48b3ea3b3bb2d1eecb6f86a3efdc45d6adeebc85bb996cc4,1,1
1e6676aea534a9ef5baddf389135ec9d16a47df0a3c863d16d6e5647ea103cf7,e337eaed12de009f2714a3019a42d328172e112a07b6eb5a08bdcbdbb3ff901d,430,431,358ff8af8cbbee2597d35bed2da147a9ccaf0c76b369ef8c26cd8757be8b64e7,3704a3233242332efab79848699bbb4043af1655cdbbc184ef679b3fbc2bf6d2,1,2
27aa3a79414b990f403c608d561ac8bbd34da8aae71566f83c3ead87e13eb1bd,e33e56dd8183373df1bceacc831ce2c76084791beaa6ff359f11e2169c7e7268,47,46,d33bb26320c92f69ef917bbf2acb40be90293ab660d25e6e9f8485cb4861f463,0ce373afe74f57a3a192d16620c21ad0c857a8cee6e92706d1a3ab6ee482d690,1,1
192903c61a3fe2674e4d96ae8a3fbe89afcc47f05a07e525ac15e8e4081d91af,e613cb880e724f7bc8e9e7119a19f974aef02502cdb203f8cab2b637d1a12910,471,470,bf034c42fb0c981b592ae44d36658cdfab98b4a7190eb1eae24b7e565bb87ad7,e3e1865a61b3774393ee8b9cdc2394f36d67bd71cc3e34a23906154a2749e8ce,0,-1
c8e8479a4a0f8870413210f639794b71c7363dc4a9a1bb03984390f0f1c6a6af,e6ae10dc91e3c26cda370829c74d2bbd3832986fab2d7ebca375c85c47f06a50,649,648,089c696ef5c1361f7d11482ef003aa282459143ebf442b17c12eacc88c2990cf,7fd4a29db87ceca85afa55e937bb3a0f80e4cb9241533d0e5cbaecfb4e322141,1,1
1ce5166d28956df94f83f42ea061840610d20f946f091b3cf8f28a2c35c354c1,e6ba306f264328d7be7171fb533795235135068e9f9000aceadbbe2857202d7b,953,952,4922db931efc00dd9f1b93aace4e7f0b5260ed385c68c40ba4fe2c43095c673a,ef508d14c37984477fcd3f48f3056b0fc61eaf55435133f28fb44d3610c0708f,1,4
50015eda5d7bbb1e16f565ccf00c10565a6088cbba0de3f2d9c7e778aefaf469,e6f82ad4c50d95a365e10ad68b32be89a2e3f483bdbdcb26c785ead5234c492b,927,926,6eb71b4ca7a75d36595f071f062683989675ff724efe775de9a6c949439e4b26,cf940e3c993d45fdca029e2ae5469e747e337e0d643327d37212e69e48ccb820,1,2
a3e5d97393575945dbc2eabb42525eaf86a08326afe28de08857197d4fbacaed,e764092fcc65df0e8ac34c73b6fce23e39a45c3378a8d852815b89b7cd5e74bc,457,456,4441624902f33a8ee4bca6b7646b2dc833e4d95ba1e8a5350f4d417715f7dbcf,e0523c7ed1066f5acb49989ecbf3a64f871faa282b6255bc6369446094f7154c,1,1
3e01bf329305353b0dbba8b0d648cc242f8d15e2f06c1b4b3b576b81791bca98,e7f6a2daa8b5d20da855db63e23f02fd29d48d761c9155a9cfcd60196a9b6da3,705,704,04931d9aa354578f72180840b09c9fe5b70faf1848b9739d88db00da5adf7703,e6fc4d4bb5c56de9a7917f569e1aa44eb8592c097def7b4a71fb16fc15f213a0,1,2
0abcbdbaf1682624b67ae0e5e9262de83faeb1c7c354d2337c9d678bb77967c3,e8010e79551af8a336f28cd4c37eec8936b3ca9705916cc1c9bc3ddc749a262e,388,389,60af8e72a0f03f29247dbd97e42e5d62acbd3ea6e2df84a99e47c5d52674b251,e1be507ff1c4b679422956975b6d051b6e779df9e76843abfbd06440b5ac2a99,0,-2
e7c43eec05bff5ea3da4e82e274bb8d49c05bfb89d500e66461c14bc4902066e,e852cef766631b4df8cc2f8e7ae5c50a3f1df80ce2977e8de638585cf26667d2,918,919,1a7daa464929bc87ba797402a0ae496f2182630cf901f60012f0fda4df16900d,4a141fa7871c08714ecd69516671d85c899963f7d362aa12e380843ca5a4e84b,1,1
9945a0fa5948e9d7e8aa2e6bf615717d65bded48a0ff5e206c07e390398b6b48,e940efc221b1d706175a49a991e99a1bd411a600139b5fe11b4bea173bd3bfea,345,344,461279ee3415aa8ad076d3adc53d80ad52b63565ed19191be2274f73a4043e08,b91c4e2ee484857a7b482352d3760f8f837c8c20f9984e48a1cef178e1154f3c,0,-2
b6adb541536668f0e80879d7c522d885b252b820334aa46ebfe950cedf2f4252,e98b9756a1ff5aabb156e2b61b5559894419b6af602f62e01f4a949a7fae7be6,325,324,c0b4bc4145b861809dcc766d201769817b89479883c50f95db2e1e33b1d2981d,5e05c41b50a036f833c33f8148925e5a1fe4470467e8bfbfb738388747d8fbb6,1,1
d4c248aae3ec3c062ff8d6b66f3342c31887db66377cb9574ba3fcf002a1bcf6,ea17a2db77e4cca1deda99f80db5826edeb0b1e39175d8a1cb8d8628e7d69b2f,642,643,3414f5207a0123b56f05a5cd340f72a14cfba1cadd49dad005c8c0a0e78c8fa5,81908854d2fd16e5e5d939b1d303cf3193d01aa37d0580dde00ac027b5bcf5c7,0,-1
eb6c5a5fb9301b93e3f28456f8eb8b231daec4c96f9065ed2eaaaaae73b632bf,ea79b86770dfcda36a6298a4afdb9ada0e30b51646130326e70416dc14d062bd,681,680,017e455b325efcb1b49866f1d27804e135dc1c4fbc1cac5a2f92083f771cb543,1710e09d23a7d282e5b049ac9089015128434937f332ac879839fec6c4c9dac0,0,-1
33685a4a075259d855ffd86d1065f5d85fe41d09f7fa3f62b35c8b27a789c27e,ecc542f6bbbbe4a92af14ac29d96dac5cf9d0fefdb129f1f76b0646bf8e43402,74,75,3303e961df630a89758cd8bdb44878851bbd50bff58fac4d6acc4c7616a42408,3ed08df1b5bdc33cd6d41711bc211f4c424e96ef66db048bb523ce3621273918,1,1
c2d7cde40481fbd0a34a5b5e753870e573cd1e4f6f2a0eb49924deef9e4fb82c,ee6ad3f676d65723599774f73a6ba1691f7a78f0afcb2706f7fa50d6c401fcd1,573,572,36183e097882fbec94ee6e640c2a1d21f73a38376e3d4b09d604e7136b32be58,ef2e82b1029431b23e9f9dced30198795ee3b59ab6fdb999ad8e043e567f98ce,1,1
76a92944e166b4f83f43914c1490dde79f8c4daad261dd538d1210ed046918d2,eec838b8c0a4485088328f171a5c9c4f6b38cf52ea180ddb57c1d938f1f9fb7f,888,889,2f7e8e5f1b1533ff99a6cb1342708e94ae1869deb61a0841f92cfdc6f9328c9b,c5cdd60c355f737e56e6261eca8567f982f248d24d649365db2b59e8f857c1ab,1,4
b8203525dd1ab5838921d3b5d2bdf004d46ef9cf1e2c21f494111023a7563ca9,ef4951f675c2e83fd21b564ec7d378fa399ea76eaae170768907516fdf192275,197,196,ff73c74b775f3dedec5207e939c3e1bc03725cf0541c98f4a5734cb53142326c,58aaed455b4afb01dc463e4c46368f12edc3e4b81662c21de3fcd8db1d67d01a,0,-4
be5fc64559cc3fb43d7608a01e30990a01c4cb61a440389a435be40090fda850,ef51190ea29b8fc6e63ecebd94083e870a0d540ce73fbfd2517f4627069af22d,33,32,3a49fa0f6f1edb9a8b8774de9ccbc447ac3e319e90654367d53f1803fb6a7317,8d99ab384981c933a14da7a7085472962327b0df9afa1540aa58a4e46da3c1d6,1,1
0aaad2f2126cc67bb440dc98bb4970c78217c26b1fa5027a632a10853d6a46b2,ef934751ab6c95386419826b9dfc03d7c35882d8f3a3a3145a413df2914f7189,978,979,8f78f5283c8bcd0cdba349cadd9c494d3f13703e6048b83e2355b4fcf7e06cc2,dc4503b8ac9bc4b3630c290369e19565009a357eb896c7f86bc7bf0be67f5f56,1,1
811a6f7310f94d5ec74d3cb9f81a1182e48ecf6e4148e07591b4065fc3e17ff5,ef965db0e330c37deef4b14bb67f90afcf95affca2be20bcc0d05f2d550a2eb6,987,986,ff903ba6c43d563f2050404dae91cbac30f04f2ba8248b730c6b9cf85ddacea0,8ca5ac0a45385ef79be2838e9da6a125522d35e58eaeba7afc2b1e020596b6b3,0,-1
e3f6eca300faa2900625252d9bb3425ce405028b6f4f1d250df301266267a792,efaa6452b4fa387214bc2cd6c54e35aca9c14ea2b07c11a27c2381b7d2b0b26a,932,933,bc870393a94f9805ff7d6d601ad90e774bd143fd3e70c646254f841857554e71,47eca30037d54a5bbecf1b543907b51f6b133ac78cbbd50dab96f12df77b04e8,1,3
6affa5dd6a80f8a6a1e40a9a45ea4977d32e48b35598d85502352e14ff9ca5cb,efc41bf135204def9823474cc20d1dc600db3b6e3271177aa592a64a0b08b4fe,5,4,a263804dc15eee06f3b119310cbe167d04089779c025d64c8ffabe35d6c426c7,7a5cc0dfa6d6a69d445fb002021192e6bf1f0bd2604fb3661db41323dedcf9f9,1,2
962354d00cef8fdc72c3d39872eb0d3949a4ef00fcd8b50f380e607a56ee58dd,f174f902427f562056cad1835ded296cb2c90f96614a94fb871f413eb0604bc2,592,593,a9c5f537bd0617a1d1053da4065c74a805c5a3392f6162ab85c15d9160069afc,9fda370b7075677252c0398f10d96d214a360441894c5f2bdae449510bbd8b75,0,-1
a54565f2a47352d182bdca7bee99872e39c009f1942ee78d987de35231b7ea4f,f1be879704dcf07256b57522ec070f2139a0cbe8e9a12bfda7cc2656251cd15c,174,175,5df67c08774f29e50ff94aa93c4d2fe015b2887bae455bc359b38b539ec9acd3,7fa7b7e1f666960acae1ee844d1c1e9aabbb2de0a19d7df89afdbc4636f1e70e,1,4
078e2635b6ce96f26b50515b53c2bc872dd72a6fad45391b18571f0ab3d15be5,f2d82775d1d6a6346e836cf5459dd3478e43aa1980b6f7ccc486afee77bc0638,1019,1018,c2a9ff2a845ae56460808e42bac0bdbea68e6d8939aeb6178fc9b88d94f6dbd2,76736adc3e03d0ee7f4c92efd718dfaf7eddcd1e1287bcfaf6a7cd35c5de5387,1,1
a834fb44a62f84f749ac06e68cd74fef894d1792651fa5c9b5563ff956921f5b,f2e09cd825e4eb917bd4101ca5ea016724201385cb8b5f1336c3edc966cd0abf,42,43,05025fddd3a6f17feb42c81d71212ebb3c8cebb60877c69a7ffc9c6b67c75e98,eddc43546f6db95fb012a9f723e00618579e9a52544e68b0230664b1b2027665,1,1
c34852a68789068bf3adaa5fb5b2110484fcc03e1767374159b6c3842419dc1c,f34ac3a814a2e41263220dc887561d0ea76a7000a5c9cba6e260a7802d761cc9,80,81,99cd7194e95ab537a7ead5004a19c79cbbf7f14833604fec3532744e73095051,908299f80e03b6851dce246171b8b5875be56eecefd7ddd4717ef1e29db9685b,1,1
3f61e9c53893a2ee2830a4514b222ce042ae54807b11fd29cd1c28f00571e729,f49702e47344d6ab22691d5fbc9ad0c190ee443b004f575c309d9fd4deb9d192,306,307,8e2e4645c1f3fdceab849b4485a71fdd6e0d2239c2345bcf5afcec1761d6c7c9,790c22602da0d0e5d1e4a38449e5d8af5295ca064ecb4ba686a68e3f4e6fa1ac,1,1
6c1c84f010aa3a538faec3593995349297671e8931499be57f60cf2e859303ba,f54e8abd70196ea39872b48229335b22544f9f8903339cf5fa2c8d5c54d25e37,756,757,1aa4a5dea72fad872427ffba33d3b0468d997bba1014a3c8d1ad03054c8296e0,4b9bb9146eb324b9d7d9cb3558c19eb1a8f7142da887de6a010d50f830b7a631,1,3
3efd35492e06b0921d207facb4d4ebbbb676e9271365ee26719c9523fed9146c,f5d5146a8fedea0b25167852bf843c959f2b190a09d3027af044f9182fb74afe,983,982,f9f2c157434c5a727b032fd6439ce4455a911b1a83600b242bdad4afaf68373c,3e51a70709c34ad834e4bf973d930ae19e473eff63a59c32b9253452bfed17cc,0,-1
2273472966f446f972414c92c4f6e41e11071ee7fe9ccff42c7d5a4231f92543,f6247665839f16f6c009a3bcec10125977f3b44a6938a97c632222d681948e9f,463,462,b11b09e73c5df90ac9b8e34e888cf7e1d21b39874452f01fff8be87eab68f6f1,d71595639ce5a816c84c89f775f980a752e1f8b3b2fe3a6608c5af3be20a3c01,0,-1
95629f112b245250686db54fbdf1d50c1a959cbe99230407947821bb3a08b916,f8540eb289f8413445571ac371b37a98ccf12c646304d06b4667862e57c33b14,476,477,c621754296d5b7fdd3ab67a3764aaef6debeb4e142d499d26667c6782019e858,2983e4dc71fa8dd4a8bc2490d92101748dab32437d37085b0d022e8fdd44c99a,1,1
a5bcc96202ef8537fabdd11c5c3ae5fa83871a3d705b67a726e3e81299fb7802,f8a04e8321dbe779a848e2f63a2b8a8a29fdb9a1caed03a927e5ec11fa3665fc,461,460,b9250f4dec58527911ea448c7f8718bbf133dd00066f05299f893f79643cc81a,ed62e426ea452cfa2bfb96af0983dd576d42e32033662edb465ad2a6af040353,1,1
764ee535c51b0b32f0038ad687cfc025427538be327ebec14f760f8489cbcac1,f8a4682716a4f2f8d9b8666ee31558a2c52cb96c22990118eae7d851721ed2f0,121,120,a6f263ea751463a67f06f30871fd52fee8c77e7020231b411026f4bce11a4547,7cddfa986bd6dea7824ae495a89f3d30ed0116beaf1005dcf72a90107ead5569,1,1
24db2d188c4b495f3eda55154af3a6e2f67575336da684e8113c21179d355fe8,f9cc14eaf8ede8de44fbc836f7bb27ae042aa0f94e0dd64ee36ce75d57c2b1e4,621,620,9f00caa9524b1fd9c4e94650214dae053659fbe67073d2fe187d0befd77010d3,a52a7e0edbf2a283393a4ae8d740844a950f6ad17a410ce78d5c72739f88ec15,1,4
b7f869fd916e264fe8119972d0520dd03cecd4cda7cb4b96fc0ae6a7aeff8dc0,fb03c664789f9bfc1ca28ce99fb178e1291e26e5a4ca07fbe271668038e08b78,1027,1026,2841674d240d1fa0757166ecea2605295f0cbb2eac12fd369dd364166153f60a,66a200609facadf9feddceba0b596c0b308ff8a7d97641e9cab48c612db9f06b,0,-1
bea164aa9c6a159e9d795c3baaf85318744e04f5284cdc6136fb9d4f3db1be6a,fcf0b74b0ff8734394780ffc0c8451506f1dd5112e96adce017deba5ac36ec70,230,231,bd99b4c5892adca12ddc6449de4f0ba6d32debc5b4383969015da42be1c26b59,0f884d2e20bd7e9a89d778c26aa4092ace9b0404fb040e239f1e68afc0888d59,0,-3
3530fb7e37cfa477f2413a549f641a3e6d11fd0ef8bf226330b018061eb176b2,fd6524b86eb73df2c7e5feb246a24d86c4331fc8ea86cf3c75b1fd90c1ab0127,40,41,0a0c82b9ebbe2d5e06d11d1c0065af6597bab9764242fb5a0a881e9a94b2faa1,6ed6cb045922f04029441479600065657b2c72aacfd50e1a017bf7c0f876749a,0,-1
79d28a8672d9410b83bf4a8af625162bc7d1b2af82693c692a2f758b63affcec,feefda8e6954a5861e4261a7771baf908fd3959888f69c635dc6a87445b7d16b,240,241,13554b4191498a570b822ecb32a7f956be315b958b933d7096418c2d170c1e17,bb042d5749b9a1e89dce765d0d970631e0e1ec895d2e83df68dfa04680a5968f,0,-2
d3f9a8248f9bbc3d00225a1265c8e6382d96277305985b1d8af49aa6376ff835,ff05ae2d4d3f1ba5832f360cc66ae7e6cd9e2af49bba435cdb93c2bac9f3bd96,266,267,95777dec698df1cacf55d021f5df1bfdbec0fabb5bba52b3e2254dc23710e0ff,bdf3b4649411e6285fba43c87bec6ae3243dab980101a031de44b2fc65c9dcd6,1,3
299e74a3ab3755289446398ef931ead732d440821f8af046ae92a9c1a572cda7,ffbb40b893787d1a8c719cd47a2abe1c9079b048e7cea6cc5c7ee1a145d8148d,695,694,6d1624dbb8d1410bff8c2f0f3984ae917bd6e7233a733b5f3b93353e2496f6ec,4717678c7a8199f23c6c2f733ec7675b34a65ebfa1c84113e763681e9b7685c1,1,3
9f3d2e92a4e30f9f29774610d97b8516cf6b1df3283b28b0d95cc51b9781fafb,ffdd449e6796b64b0f45cde06b3c7b15b8ba308b02d6732d34116c3a11177c71,662,663,737f453eba18600891b566dd6b0186a55b7ea1a59172edc588580fa8bbab8789,967ccb1a4e42599602d5ac5105c2568379533f487d249c520b1aa173ff9c0159,0,-1
